customer_id,recency,frequency,monetary,recency_score,frequency_score,monetary_score,rfm_score,segment
10521,0,11,174,1,3,4,134,Big Spenders
2795,0,4,13,1,5,5,155,Loyal Customers
2079,0,16,1208,1,2,1,121,Lost Customers
2964,0,4,72,1,5,4,154,Loyal Customers
10470,0,7,92,1,4,4,144,Loyal Customers
10175,0,5,22,1,5,5,155,Loyal Customers
1991,0,6,96,1,5,4,154,Loyal Customers
10530,0,10,1156,1,3,2,132,Lost Customers
115,0,16,393,1,2,3,123,Lost Customers
1826,0,11,1190,1,3,1,131,Lost Customers
5985,0,9,122,1,4,4,144,Loyal Customers
5430,0,29,684,1,1,2,112,Lost Customers
10311,0,25,359,1,1,3,113,Lost Customers
9477,0,18,544,1,1,3,113,Lost Customers
4047,0,18,544,1,1,3,113,Lost Customers
8432,0,29,684,1,1,2,112,Lost Customers
5642,0,11,222,1,3,3,133,Lost Customers
10476,0,9,251,1,4,3,143,Lost Customers
1386,0,4,11,1,5,5,155,Loyal Customers
7348,0,10,1192,1,3,1,131,Lost Customers
10968,0,18,704,1,1,2,112,Lost Customers
4073,0,18,1215,1,1,1,111,Lost Customers
2285,0,13,335,1,3,3,133,Lost Customers
5371,0,7,91,1,4,4,144,Loyal Customers
1,0,15,577,1,2,3,123,Lost Customers
1473,0,7,72,1,4,4,144,Loyal Customers
4065,0,15,404,1,2,3,123,Lost Customers
837,0,11,174,1,3,4,134,Big Spenders
453,1,7,45,1,4,5,145,Loyal Customers
8805,1,15,371,1,2,3,123,Lost Customers
8890,1,13,272,1,3,3,133,Lost Customers
2681,1,16,461,1,2,3,123,Lost Customers
1241,1,6,51,1,5,5,155,Loyal Customers
5824,1,4,8,1,5,5,155,Loyal Customers
3068,1,6,43,1,5,5,155,Loyal Customers
5114,1,12,965,1,3,2,132,Lost Customers
10141,1,4,20,1,5,5,155,Loyal Customers
9264,1,14,1638,1,3,1,131,Lost Customers
3657,1,11,165,1,3,4,134,Big Spenders
7962,1,9,1901,1,4,1,141,Lost Customers
340,1,17,497,1,2,3,123,Lost Customers
3725,1,12,1688,1,3,1,131,Lost Customers
5585,1,7,48,1,4,5,145,Loyal Customers
1524,1,14,1104,1,3,2,132,Lost Customers
7030,1,26,1485,1,1,1,111,Lost Customers
5794,1,17,446,1,2,3,123,Lost Customers
5740,1,5,56,1,5,4,154,Loyal Customers
3767,1,19,1008,1,1,2,112,Lost Customers
9595,1,9,1574,1,4,1,141,Lost Customers
3158,1,5,39,1,5,5,155,Loyal Customers
1402,1,13,1253,1,3,1,131,Lost Customers
9687,1,12,726,1,3,2,132,Lost Customers
3112,2,5,24,1,5,5,155,Loyal Customers
1992,2,14,893,1,2,2,122,Lost Customers
7264,2,4,17,1,5,5,155,Loyal Customers
7990,2,4,17,1,5,5,155,Loyal Customers
6398,2,8,50,1,4,5,145,Loyal Customers
10352,2,8,117,1,4,4,144,Loyal Customers
7022,2,16,1410,1,2,1,121,Lost Customers
10286,2,16,926,1,2,2,122,Lost Customers
10623,2,5,32,1,5,5,155,Loyal Customers
5341,2,11,1588,1,3,1,131,Lost Customers
5510,2,14,441,1,2,3,123,Lost Customers
4865,2,20,400,1,1,3,113,Lost Customers
4405,2,20,789,1,1,2,112,Lost Customers
3066,2,10,231,1,4,3,143,Lost Customers
1857,2,6,83,1,5,4,154,Loyal Customers
1772,2,13,2043,1,3,1,131,Lost Customers
5332,2,11,1066,1,3,2,132,Lost Customers
9999,2,19,1040,1,1,2,112,Lost Customers
1619,2,11,1588,1,3,1,131,Lost Customers
7919,2,19,2092,1,1,1,111,Lost Customers
1519,2,9,73,1,4,4,144,Loyal Customers
3887,2,7,106,1,4,4,144,Loyal Customers
9080,2,9,73,1,4,4,144,Loyal Customers
4114,2,20,1693,1,1,1,111,Lost Customers
4877,2,5,41,1,5,5,155,Loyal Customers
4246,2,2,373,1,5,3,153,Lost Customers
6287,2,4,36,1,5,5,155,Loyal Customers
4867,2,11,88,1,3,4,134,Big Spenders
6183,3,7,140,1,4,4,144,Loyal Customers
3878,3,5,48,1,5,5,155,Loyal Customers
4002,3,20,1123,1,1,2,112,Lost Customers
4098,3,9,44,1,4,5,145,Loyal Customers
8278,3,14,1711,1,3,1,131,Lost Customers
4827,3,18,455,1,1,3,113,Lost Customers
4470,3,7,140,1,4,4,144,Loyal Customers
11133,3,18,424,1,1,3,113,Lost Customers
7279,3,9,1044,1,4,2,142,Lost Customers
9888,3,12,1091,1,3,2,132,Lost Customers
10914,3,6,17,1,4,5,145,Loyal Customers
1041,3,18,424,1,1,3,113,Lost Customers
9612,3,5,43,1,5,5,155,Loyal Customers
8601,3,15,1395,1,2,1,121,Lost Customers
10582,3,19,758,1,1,2,112,Lost Customers
492,3,18,424,1,1,3,113,Lost Customers
4491,3,24,1178,1,1,1,111,Lost Customers
873,3,24,1178,1,1,1,111,Lost Customers
4452,3,16,372,1,2,3,123,Lost Customers
8461,3,4,16,1,5,5,155,Loyal Customers
6715,3,23,685,1,1,2,112,Lost Customers
4399,3,12,1091,1,3,2,132,Lost Customers
9970,3,8,162,1,4,4,144,Loyal Customers
10676,3,12,1173,1,3,2,132,Lost Customers
3896,3,5,37,1,5,5,155,Loyal Customers
6379,3,7,121,1,4,4,144,Loyal Customers
4785,3,19,714,1,1,2,112,Lost Customers
158,3,14,1196,1,2,1,121,Lost Customers
1631,3,19,1282,1,1,1,111,Lost Customers
2534,4,9,188,1,4,4,144,Loyal Customers
8581,4,27,751,1,1,2,112,Lost Customers
9504,4,17,1008,1,2,2,122,Lost Customers
8920,4,26,1128,1,1,2,112,Lost Customers
10832,4,13,467,1,3,3,133,Lost Customers
2404,4,13,257,1,3,3,133,Lost Customers
254,4,17,473,1,2,3,123,Lost Customers
4477,4,16,653,1,2,2,122,Lost Customers
2429,4,16,1338,1,2,1,121,Lost Customers
8755,4,13,1196,1,3,1,131,Lost Customers
3799,4,21,868,1,1,2,112,Lost Customers
10177,4,16,1338,1,2,1,121,Lost Customers
1945,4,17,1400,1,2,1,121,Lost Customers
1349,4,7,148,1,4,4,144,Loyal Customers
2130,4,7,147,1,4,4,144,Loyal Customers
2296,4,4,30,1,5,5,155,Loyal Customers
8430,4,4,22,1,5,5,155,Loyal Customers
6815,4,15,809,1,2,2,122,Lost Customers
3025,4,14,306,1,2,3,123,Lost Customers
7685,4,7,78,1,4,4,144,Loyal Customers
6310,4,7,78,1,4,4,144,Loyal Customers
5172,4,12,1053,1,3,2,132,Lost Customers
11084,4,12,1053,1,3,2,132,Lost Customers
7233,4,13,1782,1,3,1,131,Lost Customers
850,4,17,757,1,2,2,122,Lost Customers
8619,4,4,22,1,5,5,155,Loyal Customers
6365,5,6,80,1,4,4,144,Loyal Customers
2261,5,4,16,1,5,5,155,Loyal Customers
1031,5,17,1062,1,2,2,122,Lost Customers
624,5,3,35,1,5,5,155,Loyal Customers
6770,5,6,68,1,5,4,154,Loyal Customers
9256,5,24,1001,1,1,2,112,Lost Customers
10356,5,5,32,1,5,5,155,Loyal Customers
6678,5,9,72,1,4,4,144,Loyal Customers
4211,5,7,57,1,4,4,144,Loyal Customers
1407,5,7,57,1,4,4,144,Loyal Customers
1146,5,21,874,1,1,2,112,Lost Customers
10641,5,9,57,1,4,4,144,Loyal Customers
830,5,9,1658,1,4,1,141,Lost Customers
10089,5,20,1112,1,1,2,112,Lost Customers
9323,5,21,874,1,1,2,112,Lost Customers
8545,6,13,1789,1,3,1,131,Lost Customers
3498,6,20,877,1,1,2,112,Lost Customers
1911,6,24,1364,1,1,1,111,Lost Customers
7342,6,21,1072,1,1,2,112,Lost Customers
6184,6,12,1670,1,3,1,131,Lost Customers
10814,6,20,1376,1,1,1,111,Lost Customers
8275,6,4,20,1,5,5,155,Loyal Customers
944,6,12,393,1,3,3,133,Lost Customers
6343,6,14,1518,1,2,1,121,Lost Customers
67,6,9,92,1,4,4,144,Loyal Customers
2814,6,5,31,1,5,5,155,Loyal Customers
4198,6,4,25,1,5,5,155,Loyal Customers
10673,6,12,1416,1,3,1,131,Lost Customers
2711,6,5,31,1,5,5,155,Loyal Customers
8151,6,8,263,1,4,3,143,Lost Customers
2870,6,17,502,1,2,3,123,Lost Customers
10862,6,15,326,1,2,3,123,Lost Customers
9923,6,9,92,1,4,4,144,Loyal Customers
10451,6,4,25,1,5,5,155,Loyal Customers
4320,6,19,943,1,1,2,112,Lost Customers
8799,6,10,153,1,3,4,134,Big Spenders
10659,7,9,53,1,4,5,145,Loyal Customers
10905,7,15,252,1,2,3,123,Lost Customers
8910,7,15,252,1,2,3,123,Lost Customers
2930,7,14,1281,1,2,1,121,Lost Customers
2541,7,7,48,1,4,5,145,Loyal Customers
3005,7,13,1650,1,3,1,131,Lost Customers
7872,7,13,557,1,3,3,133,Lost Customers
7349,7,10,103,1,3,4,134,Big Spenders
1212,7,17,936,1,2,2,122,Lost Customers
8318,7,13,1738,1,3,1,131,Lost Customers
2546,7,6,70,1,5,4,154,Loyal Customers
8216,7,13,325,1,3,3,133,Lost Customers
10669,8,15,470,1,2,3,123,Lost Customers
10995,8,10,92,1,3,4,134,Big Spenders
9723,8,24,1016,1,1,2,112,Lost Customers
760,8,19,811,1,1,2,112,Lost Customers
10949,8,14,1958,1,2,1,121,Lost Customers
9529,8,13,1627,1,3,1,131,Lost Customers
7408,8,11,233,1,3,3,133,Lost Customers
1570,8,19,1039,1,1,2,112,Lost Customers
7261,8,15,318,1,2,3,123,Lost Customers
8235,8,18,843,1,1,2,112,Lost Customers
5621,8,16,316,1,2,3,123,Lost Customers
6518,8,16,606,1,2,3,123,Lost Customers
7373,8,16,302,1,2,3,123,Lost Customers
7284,8,4,20,1,5,5,155,Loyal Customers
4290,8,4,24,1,5,5,155,Loyal Customers
9986,8,9,54,1,4,5,145,Loyal Customers
1497,8,13,407,1,3,3,133,Lost Customers
3009,8,12,1766,1,3,1,131,Lost Customers
232,8,15,530,1,2,3,123,Lost Customers
10270,8,8,66,1,4,4,144,Loyal Customers
5682,8,21,1099,1,1,2,112,Lost Customers
5519,8,11,797,1,3,2,132,Lost Customers
5331,8,11,1869,1,3,1,131,Lost Customers
2452,8,15,318,1,2,3,123,Lost Customers
9930,8,20,1167,1,1,2,112,Lost Customers
1515,9,5,28,1,5,5,155,Loyal Customers
10909,9,10,1899,1,4,1,141,Lost Customers
3524,9,9,167,1,4,4,144,Loyal Customers
8897,9,22,654,1,1,2,112,Lost Customers
6019,9,4,72,1,5,4,154,Loyal Customers
940,9,12,311,1,3,3,133,Lost Customers
1463,9,4,21,1,5,5,155,Loyal Customers
10232,9,13,331,1,3,3,133,Lost Customers
1618,9,20,692,1,1,2,112,Lost Customers
5547,9,14,1919,1,3,1,131,Lost Customers
8362,9,14,1919,1,3,1,131,Lost Customers
10855,9,14,396,1,3,3,133,Lost Customers
3277,9,14,365,1,2,3,123,Lost Customers
3376,9,10,235,1,4,3,143,Lost Customers
2387,9,15,275,1,2,3,123,Lost Customers
4619,9,27,277,1,1,3,113,Lost Customers
263,9,7,145,1,4,4,144,Loyal Customers
25,9,15,1115,1,2,2,122,Lost Customers
466,9,18,746,1,1,2,112,Lost Customers
8233,9,18,556,1,1,3,113,Lost Customers
11025,9,10,138,1,3,4,134,Big Spenders
6424,9,5,49,1,5,5,155,Loyal Customers
10095,9,16,1293,1,2,1,121,Lost Customers
10084,9,6,50,1,5,5,155,Loyal Customers
8702,10,6,22,1,5,5,155,Loyal Customers
577,10,6,22,1,5,5,155,Loyal Customers
2793,10,23,1034,1,1,2,112,Lost Customers
2632,10,16,500,1,2,3,123,Lost Customers
1071,10,23,1034,1,1,2,112,Lost Customers
2407,10,14,1555,1,2,1,121,Lost Customers
9064,10,14,1555,1,2,1,121,Lost Customers
1384,10,6,62,1,5,4,154,Loyal Customers
5074,10,5,47,1,5,5,155,Loyal Customers
3885,10,4,63,1,5,4,154,Loyal Customers
5429,10,9,183,1,4,4,144,Loyal Customers
9597,10,17,725,1,2,2,122,Lost Customers
10240,10,17,1381,1,2,1,121,Lost Customers
11003,10,7,50,1,4,5,145,Loyal Customers
2521,10,4,59,1,5,4,154,Loyal Customers
8036,10,10,63,1,3,4,134,Big Spenders
977,10,19,414,1,1,3,113,Lost Customers
8026,10,15,463,1,2,3,123,Lost Customers
8159,10,10,182,1,3,4,134,Big Spenders
8566,10,4,9,1,5,5,155,Loyal Customers
7628,10,8,76,1,4,4,144,Loyal Customers
2634,10,8,69,1,4,4,144,Loyal Customers
6404,10,15,282,1,2,3,123,Lost Customers
7381,10,18,1442,1,1,1,111,Lost Customers
4301,10,4,59,1,5,4,154,Loyal Customers
10150,10,14,1449,1,2,1,121,Lost Customers
1419,11,8,76,1,4,4,144,Loyal Customers
5892,11,15,221,1,2,3,123,Lost Customers
10490,11,12,417,1,3,3,133,Lost Customers
3427,11,24,734,1,1,2,112,Lost Customers
9860,11,11,215,1,3,3,133,Lost Customers
979,11,7,112,1,4,4,144,Loyal Customers
1388,11,7,112,1,4,4,144,Loyal Customers
8911,11,17,702,1,2,2,122,Lost Customers
3403,11,16,2092,1,2,1,121,Lost Customers
6720,11,14,492,1,3,3,133,Lost Customers
252,11,15,601,1,2,3,123,Lost Customers
2552,11,21,446,1,1,3,113,Lost Customers
4186,11,8,76,1,4,4,144,Loyal Customers
6606,11,17,1161,1,2,2,122,Lost Customers
2715,11,9,180,1,4,4,144,Loyal Customers
1048,11,9,178,1,4,4,144,Loyal Customers
7494,11,14,269,1,2,3,123,Lost Customers
10281,11,14,602,1,2,3,123,Lost Customers
2677,11,14,241,1,2,3,123,Lost Customers
5067,11,14,1378,1,2,1,121,Lost Customers
967,11,24,515,1,1,3,113,Lost Customers
11191,11,7,139,1,4,4,144,Loyal Customers
9262,11,5,52,1,5,5,155,Loyal Customers
1183,11,4,22,1,5,5,155,Loyal Customers
4557,11,6,67,1,5,4,154,Loyal Customers
4808,12,4,17,1,5,5,155,Loyal Customers
7573,12,5,86,1,5,4,154,Loyal Customers
7793,12,20,800,1,1,2,112,Lost Customers
92,12,11,89,1,3,4,134,Big Spenders
1379,12,9,241,1,4,3,143,Lost Customers
6853,12,15,1438,1,2,1,121,Lost Customers
3547,12,7,64,1,4,4,144,Loyal Customers
7366,12,15,1438,1,2,1,121,Lost Customers
5080,12,11,1258,1,3,1,131,Lost Customers
7849,12,16,1052,1,2,2,122,Lost Customers
1446,12,19,1226,1,1,1,111,Lost Customers
11176,12,14,495,1,2,3,123,Lost Customers
4828,12,11,792,1,3,2,132,Lost Customers
8923,12,14,1587,1,2,1,121,Lost Customers
2324,12,20,1065,1,1,2,112,Lost Customers
4992,12,8,69,1,4,4,144,Loyal Customers
8707,12,10,1401,1,3,1,131,Lost Customers
1891,12,10,1754,1,4,1,141,Lost Customers
9303,12,1,32,1,5,5,155,Loyal Customers
9780,12,23,795,1,1,2,112,Lost Customers
9699,12,21,733,1,1,2,112,Lost Customers
3312,12,11,89,1,3,4,134,Big Spenders
9790,12,16,1334,1,2,1,121,Lost Customers
10401,12,4,18,1,5,5,155,Loyal Customers
3678,13,26,656,1,1,2,112,Lost Customers
6116,13,5,75,1,5,4,154,Loyal Customers
8164,13,13,1908,1,3,1,131,Lost Customers
6205,13,8,80,1,4,4,144,Loyal Customers
5626,13,14,463,1,3,3,133,Lost Customers
9213,13,4,15,1,5,5,155,Loyal Customers
3698,13,13,2130,1,3,1,131,Lost Customers
7600,13,6,29,1,5,5,155,Loyal Customers
5302,13,10,1428,1,3,1,131,Lost Customers
7002,13,12,398,1,3,3,133,Lost Customers
9635,13,7,129,1,4,4,144,Loyal Customers
291,13,10,981,1,3,2,132,Lost Customers
9701,13,10,312,1,4,3,143,Lost Customers
3050,13,15,235,1,2,3,123,Lost Customers
6271,13,6,63,1,5,4,154,Loyal Customers
6406,13,17,1427,1,2,1,121,Lost Customers
8779,13,11,172,1,3,4,134,Big Spenders
10681,13,23,889,1,1,2,112,Lost Customers
8234,13,4,18,1,5,5,155,Loyal Customers
5156,13,23,889,1,1,2,112,Lost Customers
4931,13,0,1730,1,5,1,151,Lost Customers
4459,13,5,37,1,5,5,155,Loyal Customers
10642,13,5,37,1,5,5,155,Loyal Customers
9727,13,7,81,1,4,4,144,Loyal Customers
10789,13,7,68,1,4,4,144,Loyal Customers
1650,13,18,1643,1,1,1,111,Lost Customers
6431,13,7,68,1,4,4,144,Loyal Customers
1577,14,9,1736,1,4,1,141,Lost Customers
10507,14,13,797,1,3,2,132,Lost Customers
4609,14,17,486,1,2,3,123,Lost Customers
9362,14,17,568,1,2,3,123,Lost Customers
9668,14,9,77,1,4,4,144,Loyal Customers
4390,14,19,841,1,1,2,112,Lost Customers
1970,14,7,103,1,4,4,144,Loyal Customers
5031,14,17,1833,1,2,1,121,Lost Customers
7143,14,19,820,1,1,2,112,Lost Customers
5029,14,4,14,1,5,5,155,Loyal Customers
1729,14,15,1377,1,2,1,121,Lost Customers
3865,14,6,73,1,5,4,154,Loyal Customers
10664,14,16,467,1,2,3,123,Lost Customers
10795,14,7,48,1,4,5,145,Loyal Customers
7042,14,5,66,1,5,4,154,Loyal Customers
6982,14,14,1581,1,2,1,121,Lost Customers
4099,14,5,62,1,5,4,154,Loyal Customers
5929,14,7,48,1,4,5,145,Loyal Customers
6878,14,13,324,1,3,3,133,Lost Customers
5231,15,5,51,1,5,5,155,Loyal Customers
1307,15,10,63,1,3,4,134,Big Spenders
3766,15,20,835,1,1,2,112,Lost Customers
5782,15,20,763,1,1,2,112,Lost Customers
2326,15,6,85,1,5,4,154,Loyal Customers
10609,15,7,88,1,4,4,144,Loyal Customers
4713,15,8,125,1,4,4,144,Loyal Customers
9493,15,14,1808,1,2,1,121,Lost Customers
5726,15,10,60,1,4,4,144,Loyal Customers
1876,15,6,85,1,5,4,154,Loyal Customers
7393,15,8,92,1,4,4,144,Loyal Customers
7141,15,11,213,1,3,3,133,Lost Customers
8524,15,9,101,1,4,4,144,Loyal Customers
7533,15,12,187,1,3,4,134,Big Spenders
2253,15,6,85,1,5,4,154,Loyal Customers
5093,15,9,101,1,4,4,144,Loyal Customers
2613,16,9,237,1,4,3,143,Lost Customers
10796,16,5,66,1,5,4,154,Loyal Customers
3388,16,16,294,1,2,3,123,Lost Customers
9653,16,7,68,1,4,4,144,Loyal Customers
2518,16,3,30,1,5,5,155,Loyal Customers
8443,16,8,86,1,4,4,144,Loyal Customers
247,16,17,357,1,2,3,123,Lost Customers
10133,16,18,2349,1,1,1,111,Lost Customers
10477,16,6,102,1,4,4,144,Loyal Customers
7446,16,18,716,1,1,2,112,Lost Customers
9463,16,20,1443,1,1,1,111,Lost Customers
8933,16,8,66,1,4,4,144,Loyal Customers
9530,16,4,17,1,5,5,155,Loyal Customers
87,16,7,57,1,4,4,144,Loyal Customers
6072,16,12,2087,1,3,1,131,Lost Customers
6507,16,7,56,1,4,4,144,Loyal Customers
9289,16,5,63,1,5,4,154,Loyal Customers
1459,16,11,928,1,3,2,132,Lost Customers
10241,16,4,14,1,5,5,155,Loyal Customers
9725,16,4,12,1,5,5,155,Loyal Customers
10779,16,5,49,1,5,5,155,Loyal Customers
9212,17,25,1678,1,1,1,111,Lost Customers
5718,17,12,1415,1,3,1,131,Lost Customers
4741,17,17,562,1,2,3,123,Lost Customers
6471,17,7,59,1,4,4,144,Loyal Customers
796,17,22,1071,1,1,2,112,Lost Customers
10146,17,5,42,1,5,5,155,Loyal Customers
3478,17,26,736,1,1,2,112,Lost Customers
7848,17,10,368,1,3,3,133,Lost Customers
10785,17,7,41,1,4,5,145,Loyal Customers
9392,17,4,17,1,5,5,155,Loyal Customers
4673,17,18,1241,1,1,1,111,Lost Customers
1880,17,7,93,1,4,4,144,Loyal Customers
1092,17,17,1147,1,2,2,122,Lost Customers
3629,17,8,145,1,4,4,144,Loyal Customers
10983,17,20,930,1,1,2,112,Lost Customers
380,17,25,1804,1,1,1,111,Lost Customers
7999,17,11,1743,1,3,1,131,Lost Customers
11101,17,20,836,1,1,2,112,Lost Customers
618,17,20,797,1,1,2,112,Lost Customers
11086,18,5,21,1,5,5,155,Loyal Customers
10552,18,13,367,1,3,3,133,Lost Customers
3076,18,20,612,1,1,3,113,Lost Customers
6521,18,14,1101,1,3,2,132,Lost Customers
7000,18,13,817,1,3,2,132,Lost Customers
8962,18,7,37,1,4,5,145,Loyal Customers
11056,18,14,1188,1,2,1,121,Lost Customers
1581,18,4,17,1,5,5,155,Loyal Customers
535,18,17,778,1,2,2,122,Lost Customers
4608,18,17,778,1,2,2,122,Lost Customers
6409,18,15,1179,1,2,1,121,Lost Customers
8207,18,5,40,1,5,5,155,Loyal Customers
1064,18,5,42,1,5,5,155,Loyal Customers
9560,18,16,1674,1,2,1,121,Lost Customers
7384,18,16,485,1,2,3,123,Lost Customers
7414,18,11,186,1,3,4,134,Big Spenders
10991,18,10,850,1,3,2,132,Lost Customers
4712,18,6,82,1,5,4,154,Loyal Customers
9507,18,13,434,1,3,3,133,Lost Customers
9242,19,16,1722,1,2,1,121,Lost Customers
3967,19,16,943,1,2,2,122,Lost Customers
6355,19,9,45,1,4,5,145,Loyal Customers
3619,19,14,1152,1,2,2,122,Lost Customers
9369,19,22,1274,1,1,1,111,Lost Customers
2727,19,10,409,1,4,3,143,Lost Customers
4855,19,6,46,1,4,5,145,Loyal Customers
5512,19,16,518,1,2,3,123,Lost Customers
6931,19,13,1062,1,3,2,132,Lost Customers
3525,19,4,17,1,5,5,155,Loyal Customers
7959,19,9,1370,1,4,1,141,Lost Customers
10595,19,6,69,1,5,4,154,Loyal Customers
5049,19,6,46,1,5,5,155,Loyal Customers
2139,19,8,31,1,4,5,145,Loyal Customers
4967,19,14,268,1,2,3,123,Lost Customers
4415,19,7,38,1,4,5,145,Loyal Customers
2162,19,15,561,2,2,3,223,Need Attention
9596,19,17,664,2,2,2,222,Need Attention
10102,19,11,1478,2,3,1,231,Need Attention
9215,19,17,551,2,2,3,223,Need Attention
3645,19,9,70,2,4,4,244,Loyal Customers
3711,19,17,1902,2,2,1,221,Need Attention
8416,19,7,44,2,4,5,245,Loyal Customers
4692,19,11,71,2,3,4,234,Big Spenders
2942,20,11,486,2,3,3,233,Need Attention
4322,20,15,1291,2,2,1,221,Need Attention
5313,20,9,44,2,4,5,245,Loyal Customers
3955,20,0,6,2,5,5,255,Loyal Customers
2874,20,5,32,2,5,5,255,Loyal Customers
5320,20,11,171,2,3,4,234,Big Spenders
1381,20,16,324,2,2,3,223,Need Attention
8652,20,12,317,2,3,3,233,Need Attention
4939,20,12,317,2,3,3,233,Need Attention
9955,20,9,134,2,4,4,244,Loyal Customers
3697,20,9,134,2,4,4,244,Loyal Customers
10951,20,13,306,2,3,3,233,Need Attention
4702,20,9,1895,2,4,1,241,Other
2408,20,28,733,2,1,2,212,Need Attention
7196,20,4,13,2,5,5,255,Loyal Customers
9260,20,21,1706,2,1,1,211,Need Attention
3667,20,20,1757,2,1,1,211,Need Attention
9648,20,13,253,2,3,3,233,Need Attention
3690,20,18,2091,2,1,1,211,Need Attention
7444,20,6,30,2,4,5,245,Loyal Customers
6422,20,11,1270,2,3,1,231,Need Attention
1501,21,16,1717,2,2,1,221,Need Attention
2666,21,20,907,2,1,2,212,Need Attention
6721,21,14,1213,2,2,1,221,Need Attention
8369,21,3,28,2,5,5,255,Loyal Customers
1685,21,18,1482,2,1,1,211,Need Attention
8643,21,17,1662,2,2,1,221,Need Attention
10562,21,20,1033,2,1,2,212,Need Attention
9284,21,22,907,2,1,2,212,Need Attention
10128,21,22,907,2,1,2,212,Need Attention
195,21,13,246,2,3,3,233,Need Attention
7881,21,20,1033,2,1,2,212,Need Attention
10127,21,13,395,2,3,3,233,Need Attention
5209,21,17,638,2,2,2,222,Need Attention
2587,21,7,20,2,4,5,245,Loyal Customers
10099,21,21,882,2,1,2,212,Need Attention
6233,21,22,971,2,1,2,212,Need Attention
9150,21,7,62,2,4,4,244,Loyal Customers
5493,21,4,23,2,5,5,255,Loyal Customers
2811,21,7,62,2,4,4,244,Loyal Customers
5204,21,14,1461,2,2,1,221,Need Attention
2877,21,25,541,2,1,3,213,Need Attention
8773,22,14,322,2,2,3,223,Need Attention
9971,22,13,506,2,3,3,233,Need Attention
7786,22,11,160,2,3,4,234,Big Spenders
8737,22,6,43,2,5,5,255,Loyal Customers
10430,22,11,1472,2,3,1,231,Need Attention
6466,22,9,121,2,4,4,244,Loyal Customers
2371,22,9,81,2,4,4,244,Loyal Customers
1740,22,13,999,2,3,2,232,Need Attention
10766,22,13,506,2,3,3,233,Need Attention
4971,22,9,155,2,4,4,244,Loyal Customers
4088,22,9,155,2,4,4,244,Loyal Customers
8341,22,5,34,2,5,5,255,Loyal Customers
10846,22,21,629,2,1,3,213,Need Attention
11004,23,4,22,2,5,5,255,Loyal Customers
9432,23,10,62,2,3,4,234,Big Spenders
5758,23,24,1189,2,1,1,211,Need Attention
6892,23,24,732,2,1,2,212,Need Attention
1726,23,4,81,2,5,4,254,Loyal Customers
2114,23,20,1315,2,1,1,211,Need Attention
4261,23,20,1315,2,1,1,211,Need Attention
10560,23,5,20,2,5,5,255,Loyal Customers
6646,23,5,22,2,5,5,255,Loyal Customers
11112,23,19,1477,2,1,1,211,Need Attention
2173,23,5,32,2,5,5,255,Loyal Customers
1818,23,5,38,2,5,5,255,Loyal Customers
5872,23,18,639,2,1,2,212,Need Attention
1162,23,18,653,2,2,2,222,Need Attention
10643,23,18,653,2,2,2,222,Need Attention
1802,23,18,680,2,2,2,222,Need Attention
10711,23,16,894,2,2,2,222,Need Attention
7861,23,16,1175,2,2,1,221,Need Attention
2457,23,6,45,2,5,5,255,Loyal Customers
2782,23,16,404,2,2,3,223,Need Attention
7451,23,13,2008,2,3,1,231,Need Attention
11187,23,8,69,2,4,4,244,Loyal Customers
4248,23,13,2008,2,3,1,231,Need Attention
2428,23,9,78,2,4,4,244,Loyal Customers
9485,23,9,199,2,4,3,243,At Risk
3011,23,10,227,2,4,3,243,At Risk
5232,23,10,227,2,4,3,243,At Risk
9760,24,26,1198,2,1,1,211,Need Attention
1377,24,11,285,2,3,3,233,Need Attention
1175,24,7,426,2,4,3,243,At Risk
4944,24,12,777,2,3,2,232,Need Attention
9483,24,19,637,2,1,2,212,Need Attention
6215,24,5,31,2,5,5,255,Loyal Customers
5329,24,4,11,2,5,5,255,Loyal Customers
1378,24,19,694,2,1,2,212,Need Attention
3153,24,4,17,2,5,5,255,Loyal Customers
7224,24,5,31,2,5,5,255,Loyal Customers
4607,24,12,777,2,3,2,232,Need Attention
2495,24,15,816,2,2,2,222,Need Attention
2535,24,15,844,2,2,2,222,Need Attention
6983,24,7,45,2,4,5,245,Loyal Customers
7505,24,4,46,2,5,5,255,Loyal Customers
6504,24,8,78,2,4,4,244,Loyal Customers
968,24,11,187,2,3,4,234,Big Spenders
4096,24,11,187,2,3,4,234,Big Spenders
9909,24,9,122,2,4,4,244,Loyal Customers
8832,24,9,123,2,4,4,244,Loyal Customers
7101,24,26,1198,2,1,1,211,Need Attention
793,24,6,45,2,5,5,255,Loyal Customers
2807,24,18,1001,2,2,2,222,Need Attention
1052,24,18,1001,2,2,2,222,Need Attention
5991,24,12,266,2,3,3,233,Need Attention
4286,24,16,679,2,2,2,222,Need Attention
5907,24,4,18,2,5,5,255,Loyal Customers
3436,24,5,20,2,5,5,255,Loyal Customers
1839,25,8,141,2,4,4,244,Loyal Customers
5909,25,16,1171,2,2,2,222,Need Attention
9291,25,4,15,2,5,5,255,Loyal Customers
2849,25,29,1180,2,1,1,211,Need Attention
2945,25,5,46,2,5,5,255,Loyal Customers
5527,25,7,58,2,4,4,244,Loyal Customers
1456,25,29,1180,2,1,1,211,Need Attention
8594,25,8,135,2,4,4,244,Loyal Customers
8492,25,19,1493,2,1,1,211,Need Attention
1351,25,24,1220,2,1,1,211,Need Attention
8754,25,4,20,2,5,5,255,Loyal Customers
5684,25,7,68,2,4,4,244,Loyal Customers
10395,25,9,101,2,4,4,244,Loyal Customers
6950,25,7,54,2,4,5,245,Loyal Customers
1592,25,9,1724,2,4,1,241,Other
7627,25,10,2086,2,3,1,231,Need Attention
1523,25,8,96,2,4,4,244,Loyal Customers
5628,25,21,1665,2,1,1,211,Need Attention
9972,25,5,46,2,5,5,255,Loyal Customers
975,25,14,264,2,2,3,223,Need Attention
2829,25,19,731,2,1,2,212,Need Attention
4310,25,11,1428,2,3,1,231,Need Attention
9855,25,20,1020,2,1,2,212,Need Attention
9984,25,17,724,2,2,2,222,Need Attention
6347,26,5,36,2,5,5,255,Loyal Customers
5453,26,17,2352,2,2,1,221,Need Attention
9422,26,8,131,2,4,4,244,Loyal Customers
1506,26,10,140,2,3,4,234,Big Spenders
1361,26,12,1435,2,3,1,231,Need Attention
7458,26,8,97,2,4,4,244,Loyal Customers
7532,26,10,132,2,3,4,234,Big Spenders
8346,26,10,296,2,3,3,233,Need Attention
1012,26,22,884,2,1,2,212,Need Attention
5564,26,15,1338,2,2,1,221,Need Attention
1542,26,18,396,2,1,3,213,Need Attention
10196,26,18,614,2,1,3,213,Need Attention
4141,26,19,776,2,1,2,212,Need Attention
6818,26,15,369,2,2,3,223,Need Attention
7807,26,15,369,2,2,3,223,Need Attention
6182,26,8,53,2,4,5,245,Loyal Customers
4220,26,6,87,2,5,4,254,Loyal Customers
6961,26,4,11,2,5,5,255,Loyal Customers
10432,26,5,22,2,5,5,255,Loyal Customers
1940,26,4,18,2,5,5,255,Loyal Customers
1081,26,22,1019,2,1,2,212,Need Attention
4376,27,6,93,2,5,4,254,Loyal Customers
1158,27,8,144,2,4,4,244,Loyal Customers
709,27,16,1103,2,2,2,222,Need Attention
2574,27,17,1230,2,2,1,221,Need Attention
8486,27,17,367,2,2,3,223,Need Attention
1029,27,11,279,2,3,3,233,Need Attention
8029,27,11,1621,2,3,1,231,Need Attention
10140,27,10,1727,2,3,1,231,Need Attention
6281,27,13,982,2,3,2,232,Need Attention
2286,27,7,114,2,4,4,244,Loyal Customers
3091,27,16,823,2,2,2,222,Need Attention
5955,27,13,1932,2,3,1,231,Need Attention
4207,27,18,1298,2,1,1,211,Need Attention
10277,27,5,42,2,5,5,255,Loyal Customers
6694,27,22,1068,2,1,2,212,Need Attention
10343,27,13,1345,2,3,1,231,Need Attention
486,27,14,1198,2,2,1,221,Need Attention
9119,27,12,392,2,3,3,233,Need Attention
3267,27,19,608,2,1,3,213,Need Attention
2929,27,7,137,2,4,4,244,Loyal Customers
10981,27,14,1198,2,2,1,221,Need Attention
10390,27,5,30,2,5,5,255,Loyal Customers
10065,27,8,64,2,4,4,244,Loyal Customers
762,27,16,823,2,2,2,222,Need Attention
8420,27,8,64,2,4,4,244,Loyal Customers
4436,27,7,137,2,4,4,244,Loyal Customers
10573,27,11,421,2,3,3,233,Need Attention
498,28,7,57,2,4,4,244,Loyal Customers
8230,28,6,71,2,5,4,254,Loyal Customers
4299,28,23,1825,2,1,1,211,Need Attention
6299,28,16,813,2,2,2,222,Need Attention
9973,28,18,490,2,1,3,213,Need Attention
4656,28,19,710,2,1,2,212,Need Attention
3551,28,9,198,2,4,3,243,At Risk
4686,28,19,1686,2,1,1,211,Need Attention
7352,28,13,405,2,3,3,233,Need Attention
4444,28,6,61,2,5,4,254,Loyal Customers
10928,28,16,599,2,2,3,223,Need Attention
3870,28,21,1006,2,1,2,212,Need Attention
10736,28,13,1525,2,3,1,231,Need Attention
7798,28,16,429,2,2,3,223,Need Attention
8746,28,14,1188,2,2,1,221,Need Attention
10163,28,16,1323,2,2,1,221,Need Attention
6168,28,5,53,2,5,5,255,Loyal Customers
2826,28,7,37,2,4,5,245,Loyal Customers
6222,28,7,37,2,4,5,245,Loyal Customers
6652,28,13,1134,2,3,2,232,Need Attention
10971,28,14,473,2,3,3,233,Need Attention
4338,28,5,44,2,5,5,255,Loyal Customers
626,28,5,43,2,5,5,255,Loyal Customers
10061,29,23,1088,2,1,2,212,Need Attention
6312,29,27,863,2,1,2,212,Need Attention
4137,29,12,1076,2,3,2,232,Need Attention
7922,29,23,966,2,1,2,212,Need Attention
1777,29,6,74,2,5,4,254,Loyal Customers
1518,29,21,749,2,1,2,212,Need Attention
6255,29,12,334,2,3,3,233,Need Attention
5735,29,14,2525,2,2,1,221,Need Attention
153,29,5,46,2,5,5,255,Loyal Customers
3595,29,20,1138,2,1,2,212,Need Attention
9316,29,5,29,2,5,5,255,Loyal Customers
2631,29,9,1149,2,4,2,242,At Risk
9495,29,9,1149,2,4,2,242,At Risk
8614,29,15,507,2,2,3,223,Need Attention
2036,29,15,401,2,2,3,223,Need Attention
4945,29,24,1210,2,1,1,211,Need Attention
10619,29,15,1990,2,2,1,221,Need Attention
7828,29,9,818,2,4,2,242,At Risk
1277,29,21,1004,2,1,2,212,Need Attention
5961,29,5,57,2,5,4,254,Loyal Customers
4406,29,21,1471,2,1,1,211,Need Attention
3578,29,11,236,2,3,3,233,Need Attention
4023,29,8,115,2,4,4,244,Loyal Customers
10524,29,11,795,2,3,2,232,Need Attention
5350,29,14,2525,2,2,1,221,Need Attention
615,29,10,343,2,3,3,233,Need Attention
6679,29,4,16,2,5,5,255,Loyal Customers
9931,29,15,9,2,2,5,225,Big Spenders
6357,29,17,491,2,2,3,223,Need Attention
4168,30,22,433,2,1,3,213,Need Attention
6859,30,9,99,2,4,4,244,Loyal Customers
5289,30,5,72,2,5,4,254,Loyal Customers
347,30,16,377,2,2,3,223,Need Attention
7516,30,6,45,2,5,5,255,Loyal Customers
10699,30,8,92,2,4,4,244,Loyal Customers
5424,30,9,156,2,4,4,244,Loyal Customers
10548,30,16,960,2,2,2,222,Need Attention
10383,30,16,1093,2,2,2,222,Need Attention
5121,30,14,761,2,2,2,222,Need Attention
6690,30,10,90,2,3,4,234,Big Spenders
3129,30,6,45,2,5,5,255,Loyal Customers
9967,30,21,447,2,1,3,213,Need Attention
7488,30,21,825,2,1,2,212,Need Attention
938,30,6,87,2,5,4,254,Loyal Customers
5236,30,19,2194,2,1,1,211,Need Attention
1087,30,9,173,2,4,4,244,Loyal Customers
6798,30,22,433,2,1,3,213,Need Attention
10602,30,9,156,2,4,4,244,Loyal Customers
3220,30,9,156,2,4,4,244,Loyal Customers
1676,30,13,266,2,3,3,233,Need Attention
6384,30,19,1453,2,1,1,211,Need Attention
2186,30,12,2257,2,3,1,231,Need Attention
7832,30,16,1526,2,2,1,221,Need Attention
9478,30,12,401,2,3,3,233,Need Attention
7873,30,15,300,2,2,3,223,Need Attention
5534,30,8,224,2,4,3,243,At Risk
3762,30,12,925,2,3,2,232,Need Attention
2625,30,12,350,2,3,3,233,Need Attention
271,30,11,258,2,3,3,233,Need Attention
8314,30,13,1772,2,3,1,231,Need Attention
7699,30,11,258,2,3,3,233,Need Attention
7437,31,6,29,2,4,5,245,Loyal Customers
3790,31,4,15,2,5,5,255,Loyal Customers
255,31,6,21,2,5,5,255,Loyal Customers
477,31,15,2157,2,2,1,221,Need Attention
1503,31,1,107,2,5,4,254,Loyal Customers
9396,31,4,25,2,5,5,255,Loyal Customers
7411,31,6,17,2,5,5,255,Loyal Customers
3107,31,12,350,2,3,3,233,Need Attention
2882,31,14,995,2,2,2,222,Need Attention
3262,31,16,1655,2,2,1,221,Need Attention
607,31,21,521,2,1,3,213,Need Attention
749,31,8,145,2,4,4,244,Loyal Customers
1008,31,21,1021,2,1,2,212,Need Attention
8650,31,5,42,2,5,5,255,Loyal Customers
2379,31,10,1635,2,3,1,231,Need Attention
933,31,4,25,2,5,5,255,Loyal Customers
5342,31,6,29,2,4,5,245,Loyal Customers
5710,31,8,120,2,4,4,244,Loyal Customers
4377,32,12,575,2,3,3,233,Need Attention
7610,32,16,460,2,2,3,223,Need Attention
948,32,6,41,2,5,5,255,Loyal Customers
5832,32,16,1263,2,2,1,221,Need Attention
6421,32,14,2116,2,2,1,221,Need Attention
569,32,13,1991,2,3,1,231,Need Attention
4543,32,12,1919,2,3,1,231,Need Attention
9449,32,17,605,2,2,3,223,Need Attention
3517,32,9,161,2,4,4,244,Loyal Customers
6497,32,15,433,2,2,3,223,Need Attention
3102,32,5,32,2,5,5,255,Loyal Customers
4698,32,14,410,2,3,3,233,Need Attention
3037,32,14,410,2,3,3,233,Need Attention
5025,32,7,135,2,4,4,244,Loyal Customers
75,32,14,467,2,2,3,223,Need Attention
8104,32,11,278,2,3,3,233,Need Attention
5117,32,14,576,2,2,3,223,Need Attention
5544,32,14,1490,2,2,1,221,Need Attention
3491,32,23,1260,2,1,1,211,Need Attention
9850,32,4,19,2,5,5,255,Loyal Customers
6177,32,10,169,2,3,4,234,Big Spenders
2154,33,8,44,2,4,5,245,Loyal Customers
7725,33,12,641,2,3,2,232,Need Attention
2868,33,8,57,2,4,4,244,Loyal Customers
359,33,17,504,2,2,3,223,Need Attention
6887,33,18,564,2,1,3,213,Need Attention
2724,33,3,19,2,5,5,255,Loyal Customers
1448,33,9,51,2,4,5,245,Loyal Customers
199,33,12,315,2,3,3,233,Need Attention
2612,33,20,1682,2,1,1,211,Need Attention
1100,33,10,61,2,3,4,234,Big Spenders
8842,33,8,44,2,4,5,245,Loyal Customers
113,33,6,28,2,5,5,255,Loyal Customers
2256,33,6,21,2,5,5,255,Loyal Customers
7500,33,18,564,2,1,3,213,Need Attention
6050,33,23,1513,2,1,1,211,Need Attention
4216,33,17,1474,2,2,1,221,Need Attention
9204,33,14,1029,2,2,2,222,Need Attention
3924,34,25,916,2,1,2,212,Need Attention
9097,34,15,343,2,2,3,223,Need Attention
3934,34,17,608,2,2,3,223,Need Attention
1987,34,7,59,2,4,4,244,Loyal Customers
2072,34,19,1064,2,1,2,212,Need Attention
5654,34,7,61,2,4,4,244,Loyal Customers
6864,34,8,30,2,4,5,245,Loyal Customers
7378,34,21,573,2,1,3,213,Need Attention
4472,34,5,57,2,5,4,254,Loyal Customers
1859,34,13,1890,2,3,1,231,Need Attention
2493,34,17,608,2,2,3,223,Need Attention
8086,34,7,55,2,4,5,245,Loyal Customers
9216,34,7,44,2,4,5,245,Loyal Customers
7034,34,7,55,2,4,5,245,Loyal Customers
3759,34,20,1155,2,1,2,212,Need Attention
7275,34,9,131,2,4,4,244,Loyal Customers
6263,34,9,106,2,4,4,244,Loyal Customers
2797,34,19,1073,2,1,2,212,Need Attention
965,34,18,590,2,1,3,213,Need Attention
8334,34,9,131,2,4,4,244,Loyal Customers
10617,34,8,30,2,4,5,245,Loyal Customers
2281,34,4,28,2,5,5,255,Loyal Customers
7631,34,16,989,2,2,2,222,Need Attention
3334,35,14,2211,2,2,1,221,Need Attention
5304,35,6,33,2,5,5,255,Loyal Customers
590,35,10,1812,2,4,1,241,Other
807,35,16,292,2,2,3,223,Need Attention
3834,35,21,861,2,1,2,212,Need Attention
2426,35,19,895,2,1,2,212,Need Attention
3584,35,12,1396,2,3,1,231,Need Attention
8908,35,9,1097,2,4,2,242,At Risk
4791,35,5,41,2,5,5,255,Loyal Customers
4426,35,19,527,2,1,3,213,Need Attention
738,35,11,182,2,3,4,234,Big Spenders
2570,35,21,815,2,1,2,212,Need Attention
8041,35,19,1092,2,1,2,212,Need Attention
5423,35,4,16,2,5,5,255,Loyal Customers
10129,35,16,1456,2,2,1,221,Need Attention
35,35,8,210,2,4,3,243,At Risk
10489,35,16,1778,2,2,1,221,Need Attention
8605,36,7,68,2,4,4,244,Loyal Customers
907,36,17,362,2,2,3,223,Need Attention
6885,36,6,55,2,5,5,255,Loyal Customers
7718,36,7,711,2,4,2,242,At Risk
1646,36,6,46,2,5,5,255,Loyal Customers
4418,36,20,1644,2,1,1,211,Need Attention
9949,36,12,877,2,3,2,232,Need Attention
9206,36,19,1121,2,1,2,212,Need Attention
4530,36,16,1930,2,2,1,221,Need Attention
1150,36,9,1853,2,4,1,241,Other
942,36,13,299,2,3,3,233,Need Attention
10757,36,4,13,2,5,5,255,Loyal Customers
3265,36,5,46,2,5,5,255,Loyal Customers
7736,36,6,61,2,5,4,254,Loyal Customers
3867,36,23,1095,2,1,2,212,Need Attention
3859,36,23,1095,2,1,2,212,Need Attention
6181,36,20,939,2,1,2,212,Need Attention
4611,36,22,1724,2,1,1,211,Need Attention
1626,37,5,49,2,5,5,255,Loyal Customers
11071,37,10,1923,2,3,1,231,Need Attention
5107,37,5,49,2,5,5,255,Loyal Customers
9862,37,7,33,2,4,5,245,Loyal Customers
7235,37,9,38,2,4,5,245,Loyal Customers
9617,37,5,19,2,5,5,255,Loyal Customers
2131,37,19,1307,2,1,1,211,Need Attention
7660,37,5,49,2,5,5,255,Loyal Customers
6428,37,9,1130,2,4,2,242,At Risk
6439,37,26,1102,2,1,2,212,Need Attention
2055,37,5,49,2,5,5,255,Loyal Customers
10591,37,10,201,2,3,3,233,Need Attention
4552,37,7,393,2,4,3,243,At Risk
10377,37,14,397,2,3,3,233,Need Attention
4339,37,22,913,2,1,2,212,Need Attention
6658,37,30,1194,2,1,1,211,Need Attention
11075,37,12,270,2,3,3,233,Need Attention
5336,37,2,59,2,5,4,254,Loyal Customers
1968,37,4,28,2,5,5,255,Loyal Customers
10350,37,5,38,2,5,5,255,Loyal Customers
8527,37,17,395,2,2,3,223,Need Attention
1734,37,11,81,2,3,4,234,Big Spenders
11100,37,7,63,2,4,4,244,Loyal Customers
6516,37,4,18,2,5,5,255,Loyal Customers
2156,38,10,41,2,3,5,235,Big Spenders
8925,38,21,1012,2,1,2,212,Need Attention
10473,38,16,528,2,2,3,223,Need Attention
1773,38,6,57,2,5,4,254,Loyal Customers
3197,38,16,670,2,2,2,222,Need Attention
2499,38,16,563,2,2,3,223,Need Attention
7079,38,26,1245,2,1,1,211,Need Attention
6728,38,6,48,2,5,5,255,Loyal Customers
2569,38,5,46,2,5,5,255,Loyal Customers
4856,38,18,1853,2,1,1,211,Need Attention
8722,38,18,1853,2,1,1,211,Need Attention
905,38,11,84,2,3,4,234,Big Spenders
10151,38,17,946,2,2,2,222,Need Attention
10967,38,9,99,2,4,4,244,Loyal Customers
326,38,15,315,2,2,3,223,Need Attention
9336,38,19,636,2,1,2,212,Need Attention
2174,38,5,27,2,5,5,255,Loyal Customers
9185,38,12,1029,2,3,2,232,Need Attention
5370,38,17,413,2,2,3,223,Need Attention
6875,38,14,529,2,2,3,223,Need Attention
2098,38,4,17,2,5,5,255,Loyal Customers
10858,38,20,820,2,1,2,212,Need Attention
9797,38,13,443,2,3,3,233,Need Attention
1109,38,4,12,2,5,5,255,Loyal Customers
5036,38,9,406,2,4,3,243,At Risk
4201,39,17,468,2,2,3,223,Need Attention
49,39,4,25,2,5,5,255,Loyal Customers
6387,39,8,77,2,4,4,244,Loyal Customers
6613,39,22,727,2,1,2,212,Need Attention
8523,39,10,60,2,3,4,234,Big Spenders
9094,39,12,587,2,3,3,233,Need Attention
6919,39,8,63,3,4,4,344,Loyal Customers
898,39,10,147,3,3,4,334,Big Spenders
2471,39,10,299,3,3,3,333,Need Attention
6566,39,26,1319,3,1,1,311,Need Attention
5866,39,11,219,3,3,3,333,Need Attention
6197,39,9,57,3,4,4,344,Loyal Customers
7901,39,4,22,3,5,5,355,Loyal Customers
10242,39,8,75,3,4,4,344,Loyal Customers
5835,39,9,65,3,4,4,344,Loyal Customers
9847,39,12,587,3,3,3,333,Need Attention
4973,39,4,25,3,5,5,355,Loyal Customers
5092,39,18,467,3,1,3,313,Need Attention
8147,40,8,48,3,4,5,345,Loyal Customers
7503,40,14,2209,3,2,1,321,Need Attention
2308,40,13,330,3,3,3,333,Need Attention
1055,40,5,45,3,5,5,355,Loyal Customers
10767,40,16,1346,3,2,1,321,Need Attention
10207,40,4,15,3,5,5,355,Loyal Customers
178,40,23,973,3,1,2,312,Need Attention
4838,40,4,15,3,5,5,355,Loyal Customers
6246,40,12,1507,3,3,1,331,Need Attention
9121,40,13,1690,3,3,1,331,Need Attention
5802,40,7,75,3,4,4,344,Loyal Customers
7943,40,5,35,3,5,5,355,Loyal Customers
10790,40,4,21,3,5,5,355,Loyal Customers
10525,40,4,27,3,5,5,355,Loyal Customers
10219,40,5,38,3,5,5,355,Loyal Customers
1403,40,6,38,3,5,5,355,Loyal Customers
1458,40,9,44,3,4,5,345,Loyal Customers
6103,40,6,100,3,5,4,354,Loyal Customers
8783,40,16,454,3,2,3,323,Need Attention
9405,40,10,172,3,3,4,334,Big Spenders
8402,40,17,794,3,2,2,322,Need Attention
2176,40,13,1690,3,3,1,331,Need Attention
7431,40,13,1820,3,3,1,331,Need Attention
4654,40,9,1253,3,4,1,341,Other
4643,40,9,176,3,4,4,344,Loyal Customers
5207,41,25,793,3,1,2,312,Need Attention
3463,41,24,904,3,1,2,312,Need Attention
9360,41,10,316,3,3,3,333,Need Attention
1927,41,13,690,3,3,2,332,Need Attention
437,41,15,1027,3,2,2,322,Need Attention
3710,41,6,81,3,4,4,344,Loyal Customers
4084,41,19,873,3,1,2,312,Need Attention
4331,41,15,1371,3,2,1,321,Need Attention
9750,41,20,1307,3,1,1,311,Need Attention
8135,41,5,52,3,5,5,355,Loyal Customers
4767,41,14,1363,3,2,1,321,Need Attention
7010,41,14,1363,3,2,1,321,Need Attention
4055,41,8,64,3,4,4,344,Loyal Customers
10581,41,18,506,3,1,3,313,Need Attention
6682,41,5,37,3,5,5,355,Loyal Customers
6320,42,17,1508,3,2,1,321,Need Attention
5394,42,9,38,3,4,5,345,Loyal Customers
3661,42,13,1435,3,3,1,331,Need Attention
3602,42,9,195,3,4,3,343,Other
6958,42,4,26,3,5,5,355,Loyal Customers
4679,42,22,1092,3,1,2,312,Need Attention
5376,42,15,1730,3,2,1,321,Need Attention
1340,42,20,1795,3,1,1,311,Need Attention
521,42,17,581,3,2,3,323,Need Attention
8181,42,10,177,3,3,4,334,Big Spenders
10856,42,5,46,3,5,5,355,Loyal Customers
10469,42,16,1623,3,2,1,321,Need Attention
9829,42,9,78,3,4,4,344,Loyal Customers
5303,42,16,1113,3,2,2,322,Need Attention
433,42,22,632,3,1,3,313,Need Attention
4324,42,20,684,3,1,2,312,Need Attention
10839,42,6,29,3,5,5,355,Loyal Customers
3321,42,17,542,3,2,3,323,Need Attention
4756,42,19,1168,3,1,2,312,Need Attention
1867,42,16,1336,3,2,1,321,Need Attention
1016,43,7,55,3,4,4,344,Loyal Customers
9738,43,7,100,3,4,4,344,Loyal Customers
5299,43,22,1586,3,1,1,311,Need Attention
1143,43,7,55,3,4,5,345,Loyal Customers
1717,43,12,273,3,3,3,333,Need Attention
6872,43,14,405,3,3,3,333,Need Attention
10212,43,7,100,3,4,4,344,Loyal Customers
5848,43,13,2009,3,3,1,331,Need Attention
10403,43,9,44,3,4,5,345,Loyal Customers
11007,43,5,34,3,5,5,355,Loyal Customers
7186,43,5,35,3,5,5,355,Loyal Customers
10381,43,4,21,3,5,5,355,Loyal Customers
10069,43,5,58,3,5,4,354,Loyal Customers
5267,43,5,44,3,5,5,355,Loyal Customers
4394,43,18,1501,3,1,1,311,Need Attention
4329,43,6,16,3,5,5,355,Loyal Customers
3783,43,8,116,3,4,4,344,Loyal Customers
9145,43,13,1478,3,3,1,331,Need Attention
10727,43,22,1586,3,1,1,311,Need Attention
10010,43,9,152,3,4,4,344,Loyal Customers
9274,44,16,1213,3,2,1,321,Need Attention
1044,44,16,596,3,2,3,323,Need Attention
9076,44,12,185,3,3,4,334,Big Spenders
4947,44,17,2059,3,2,1,321,Need Attention
2694,44,5,24,3,5,5,355,Loyal Customers
10613,44,11,62,3,3,4,334,Big Spenders
10176,44,19,416,3,1,3,313,Need Attention
5596,44,19,728,3,1,2,312,Need Attention
4646,44,18,978,3,1,2,312,Need Attention
3507,44,9,1575,3,4,1,341,Other
6935,44,18,978,3,1,2,312,Need Attention
7397,45,19,688,3,1,2,312,Need Attention
10341,45,8,222,3,4,3,343,Other
6543,45,8,1612,3,4,1,341,Other
7119,45,9,825,3,4,2,342,Other
1204,45,25,1829,3,1,1,311,Need Attention
4690,45,20,586,3,1,3,313,Need Attention
1170,45,13,244,3,3,3,333,Need Attention
1245,45,20,1371,3,1,1,311,Need Attention
2561,45,20,1371,3,1,1,311,Need Attention
2181,45,11,1280,3,3,1,331,Need Attention
8812,45,7,48,3,4,5,345,Loyal Customers
3518,45,4,50,3,5,5,355,Loyal Customers
2639,45,8,68,3,4,4,344,Loyal Customers
1715,45,7,48,3,4,5,345,Loyal Customers
6201,45,7,49,3,4,5,345,Loyal Customers
10821,45,15,263,3,2,3,323,Need Attention
5077,46,18,969,3,1,2,312,Need Attention
8299,46,5,71,3,5,4,354,Loyal Customers
663,46,5,71,3,5,4,354,Loyal Customers
3969,46,5,133,3,5,4,354,Loyal Customers
10092,46,16,1504,3,2,1,321,Need Attention
10888,46,16,636,3,2,3,323,Need Attention
821,46,18,2077,3,1,1,311,Need Attention
10870,46,15,1341,3,2,1,321,Need Attention
7629,46,7,31,3,4,5,345,Loyal Customers
7875,46,18,1677,3,1,1,311,Need Attention
6173,46,18,969,3,1,2,312,Need Attention
10841,46,15,484,3,2,3,323,Need Attention
4580,46,19,2486,3,1,1,311,Need Attention
2936,46,5,23,3,5,5,355,Loyal Customers
6295,46,20,981,3,1,2,312,Need Attention
10509,46,8,71,3,4,4,344,Loyal Customers
6141,46,13,385,3,3,3,333,Need Attention
2217,46,4,23,3,5,5,355,Loyal Customers
4102,46,4,23,3,5,5,355,Loyal Customers
7453,46,13,488,3,3,3,333,Need Attention
3933,46,22,662,3,1,2,312,Need Attention
3665,46,9,54,3,4,5,345,Loyal Customers
8825,46,22,564,3,1,3,313,Need Attention
6637,46,11,1117,3,3,2,332,Need Attention
1184,46,23,845,3,1,2,312,Need Attention
4669,46,10,102,3,3,4,334,Big Spenders
2815,46,9,120,3,4,4,344,Loyal Customers
4653,46,11,189,3,3,4,334,Big Spenders
5788,46,10,209,3,4,3,343,Other
8945,46,10,203,3,3,3,333,Need Attention
9624,46,10,963,3,3,2,332,Need Attention
3075,47,11,382,3,3,3,333,Need Attention
10837,47,6,68,3,5,4,354,Loyal Customers
6616,47,13,461,3,3,3,333,Need Attention
7011,47,10,93,3,3,4,334,Big Spenders
524,47,5,96,3,5,4,354,Loyal Customers
880,47,5,96,3,5,4,354,Loyal Customers
6248,47,20,2217,3,1,1,311,Need Attention
6211,47,5,39,3,5,5,355,Loyal Customers
2021,47,23,1388,3,1,1,311,Need Attention
7059,47,12,1495,3,3,1,331,Need Attention
8975,47,9,69,3,4,4,344,Loyal Customers
2937,47,20,871,3,1,2,312,Need Attention
843,47,23,805,3,1,2,312,Need Attention
9671,47,9,69,3,4,4,344,Loyal Customers
1225,47,12,1495,3,3,1,331,Need Attention
7428,47,12,1367,3,3,1,331,Need Attention
5633,47,16,231,3,2,3,323,Need Attention
7007,47,7,63,3,4,4,344,Loyal Customers
203,47,15,2089,3,2,1,321,Need Attention
4184,48,10,265,3,3,3,333,Need Attention
454,48,24,1135,3,1,2,312,Need Attention
1160,48,10,49,3,3,5,335,Big Spenders
7679,48,5,28,3,5,5,355,Loyal Customers
3099,48,14,310,3,2,3,323,Need Attention
9214,48,12,358,3,3,3,333,Need Attention
851,48,24,642,3,1,2,312,Need Attention
5922,48,11,218,3,3,3,333,Need Attention
2478,48,6,38,3,5,5,355,Loyal Customers
4369,48,12,1169,3,3,2,332,Need Attention
2620,48,4,23,3,5,5,355,Loyal Customers
8254,48,4,23,3,5,5,355,Loyal Customers
3852,48,25,964,3,1,2,312,Need Attention
309,48,16,1101,3,2,2,322,Need Attention
3571,48,16,1101,3,2,2,322,Need Attention
7485,48,9,138,3,4,4,344,Loyal Customers
9729,48,21,615,3,1,3,313,Need Attention
273,48,12,151,3,3,4,334,Big Spenders
7530,48,9,138,3,4,4,344,Loyal Customers
5396,48,23,1366,3,1,1,311,Need Attention
286,48,11,152,3,3,4,334,Big Spenders
7966,48,25,1191,3,1,1,311,Need Attention
1000,48,25,964,3,1,2,312,Need Attention
6318,48,23,1366,3,1,1,311,Need Attention
7250,48,23,612,3,1,3,313,Need Attention
9665,48,14,361,3,2,3,323,Need Attention
8395,48,16,1511,3,2,1,321,Need Attention
10652,48,12,1169,3,3,2,332,Need Attention
2157,49,10,77,3,3,4,334,Big Spenders
1272,49,21,903,3,1,2,312,Need Attention
1215,49,13,1572,3,3,1,331,Need Attention
3479,49,6,50,3,5,5,355,Loyal Customers
679,49,6,38,3,5,5,355,Loyal Customers
810,49,17,641,3,2,2,322,Need Attention
2591,49,12,932,3,3,2,332,Need Attention
5294,49,10,57,3,3,4,334,Big Spenders
7214,49,10,1283,3,3,1,331,Need Attention
89,49,8,69,3,4,4,344,Loyal Customers
1321,49,9,56,3,4,4,344,Loyal Customers
5513,49,6,40,3,5,5,355,Loyal Customers
2686,49,4,26,3,5,5,355,Loyal Customers
3007,49,6,40,3,5,5,355,Loyal Customers
10250,49,4,28,3,5,5,355,Loyal Customers
3120,49,4,22,3,5,5,355,Loyal Customers
10160,49,5,46,3,5,5,355,Loyal Customers
9347,49,5,46,3,5,5,355,Loyal Customers
9423,49,8,46,3,4,5,345,Loyal Customers
7019,49,12,211,3,3,3,333,Need Attention
5868,49,6,46,3,5,5,355,Loyal Customers
8876,49,12,152,3,3,4,334,Big Spenders
1406,49,19,415,3,1,3,313,Need Attention
1640,49,7,108,3,4,4,344,Loyal Customers
8939,49,23,730,3,1,2,312,Need Attention
9283,49,4,18,3,5,5,355,Loyal Customers
10827,49,11,146,3,3,4,334,Big Spenders
5543,49,23,802,3,1,2,312,Need Attention
8143,49,11,265,3,3,3,333,Need Attention
1176,50,4,25,3,5,5,355,Loyal Customers
8370,50,15,1159,3,2,2,322,Need Attention
11096,50,11,232,3,3,3,333,Need Attention
7037,50,15,401,3,2,3,323,Need Attention
9904,50,23,1043,3,1,2,312,Need Attention
6642,50,10,102,3,3,4,334,Big Spenders
10708,50,5,33,3,5,5,355,Loyal Customers
10031,50,12,53,3,3,5,335,Big Spenders
7300,50,18,535,3,2,3,323,Need Attention
8692,50,15,240,3,2,3,323,Need Attention
8659,50,19,1038,3,1,2,312,Need Attention
5552,50,15,293,3,2,3,323,Need Attention
6200,50,17,901,3,2,2,322,Need Attention
4603,50,17,656,3,2,2,322,Need Attention
10882,50,14,915,3,2,2,322,Need Attention
4268,50,8,158,3,4,4,344,Loyal Customers
10380,50,7,106,3,4,4,344,Loyal Customers
8091,50,13,1106,3,3,2,332,Need Attention
5636,50,8,167,3,4,4,344,Loyal Customers
8080,50,4,22,3,5,5,355,Loyal Customers
6374,50,14,297,3,2,3,323,Need Attention
2245,50,9,139,3,4,4,344,Loyal Customers
8957,51,19,1120,3,1,2,312,Need Attention
78,51,4,37,3,5,5,355,Loyal Customers
6147,51,3,28,3,5,5,355,Loyal Customers
2891,51,14,928,3,3,2,332,Need Attention
9592,51,7,33,3,4,5,345,Loyal Customers
5011,51,14,928,3,3,2,332,Need Attention
3381,51,8,90,3,4,4,344,Loyal Customers
6354,51,5,47,3,5,5,355,Loyal Customers
11039,51,11,311,3,3,3,333,Need Attention
5989,51,22,1576,3,1,1,311,Need Attention
4128,51,16,725,3,2,2,322,Need Attention
4550,51,5,71,3,5,4,354,Loyal Customers
1544,51,15,1893,3,2,1,321,Need Attention
9308,51,10,976,3,3,2,332,Need Attention
635,51,24,610,3,1,3,313,Need Attention
9467,51,5,20,3,5,5,355,Loyal Customers
8140,51,9,95,3,4,4,344,Loyal Customers
544,51,10,976,3,3,2,332,Need Attention
9736,51,9,96,3,4,4,344,Loyal Customers
10556,51,16,358,3,2,3,323,Need Attention
6575,51,24,612,3,1,3,313,Need Attention
5290,51,15,279,3,2,3,323,Need Attention
6673,51,7,129,3,4,4,344,Loyal Customers
5517,51,4,37,3,5,5,355,Loyal Customers
8977,51,4,24,3,5,5,355,Loyal Customers
8534,51,23,992,3,1,2,312,Need Attention
523,51,7,74,3,4,4,344,Loyal Customers
1710,51,17,279,3,2,3,323,Need Attention
4769,52,21,493,3,1,3,313,Need Attention
9733,52,4,80,3,5,4,354,Loyal Customers
1399,52,13,1515,3,3,1,331,Need Attention
9960,52,4,14,3,5,5,355,Loyal Customers
7540,52,12,270,3,3,3,333,Need Attention
6119,52,4,17,3,5,5,355,Loyal Customers
1077,52,12,1020,3,3,2,332,Need Attention
4764,52,11,169,3,3,4,334,Big Spenders
2698,52,14,415,3,2,3,323,Need Attention
10972,52,11,939,3,3,2,332,Need Attention
2557,52,4,29,3,5,5,355,Loyal Customers
5247,52,7,45,3,4,5,345,Loyal Customers
2223,52,24,1826,3,1,1,311,Need Attention
5987,52,7,43,3,4,5,345,Loyal Customers
3850,52,5,43,3,5,5,355,Loyal Customers
8786,52,17,450,3,2,3,323,Need Attention
6340,52,6,26,3,5,5,355,Loyal Customers
4107,52,10,425,3,3,3,333,Need Attention
10906,52,10,425,3,3,3,333,Need Attention
2980,52,10,35,3,3,5,335,Big Spenders
8462,52,4,80,3,5,4,354,Loyal Customers
6214,53,6,79,3,5,4,354,Loyal Customers
3139,53,15,2052,3,2,1,321,Need Attention
7788,53,4,10,3,5,5,355,Loyal Customers
2968,53,14,902,3,2,2,322,Need Attention
3598,53,20,606,3,1,3,313,Need Attention
6230,53,14,189,3,2,4,324,Big Spenders
945,53,9,133,3,4,4,344,Loyal Customers
4994,53,21,1735,3,1,1,311,Need Attention
4188,53,12,354,3,3,3,333,Need Attention
8800,53,14,902,3,2,2,322,Need Attention
4954,53,15,265,3,2,3,323,Need Attention
5827,53,10,62,3,3,4,334,Big Spenders
10478,53,22,633,3,1,3,313,Need Attention
3276,53,7,78,3,4,4,344,Loyal Customers
5048,53,6,131,3,5,4,354,Loyal Customers
8180,53,14,310,3,2,3,323,Need Attention
9952,53,10,1105,3,3,2,332,Need Attention
1907,53,22,1477,3,1,1,311,Need Attention
2958,53,9,57,3,4,4,344,Loyal Customers
8008,54,7,119,3,4,4,344,Loyal Customers
10486,54,13,990,3,3,2,332,Need Attention
3706,54,5,94,3,5,4,354,Loyal Customers
9589,54,11,1234,3,3,1,331,Need Attention
202,54,11,1234,3,3,1,331,Need Attention
5154,54,6,54,3,5,5,355,Loyal Customers
8985,54,25,1211,3,1,1,311,Need Attention
4790,54,10,868,3,3,2,332,Need Attention
2798,54,17,1240,3,2,1,321,Need Attention
8584,54,10,1165,3,3,2,332,Need Attention
10033,54,5,38,3,5,5,355,Loyal Customers
7108,54,16,353,3,2,3,323,Need Attention
8687,54,13,486,3,3,3,333,Need Attention
1628,54,14,960,3,3,2,332,Need Attention
9958,54,19,769,3,1,2,312,Need Attention
5081,54,5,47,3,5,5,355,Loyal Customers
7842,54,9,74,3,4,4,344,Loyal Customers
5995,54,18,384,3,1,3,313,Need Attention
6583,54,13,981,3,3,2,332,Need Attention
839,54,8,170,3,4,4,344,Loyal Customers
1331,54,7,72,3,4,4,344,Loyal Customers
3749,54,19,1580,3,1,1,311,Need Attention
3308,54,9,94,3,4,4,344,Loyal Customers
2225,54,12,1617,3,3,1,331,Need Attention
3433,54,13,981,3,3,2,332,Need Attention
5751,54,5,38,3,5,5,355,Loyal Customers
3900,54,19,769,3,1,2,312,Need Attention
1131,54,7,95,3,4,4,344,Loyal Customers
1232,54,13,1244,3,3,1,331,Need Attention
2345,54,13,1244,3,3,1,331,Need Attention
8955,54,4,49,3,5,5,355,Loyal Customers
7297,54,10,57,3,4,4,344,Loyal Customers
10448,55,15,377,3,2,3,323,Need Attention
1045,55,11,279,3,3,3,333,Need Attention
10691,55,4,43,3,5,5,355,Loyal Customers
194,55,5,41,3,5,5,355,Loyal Customers
9739,55,6,114,3,5,4,354,Loyal Customers
10833,55,24,973,3,1,2,312,Need Attention
8286,55,8,122,3,4,4,344,Loyal Customers
531,55,28,1662,3,1,1,311,Need Attention
2166,55,3,23,3,5,5,355,Loyal Customers
1343,55,20,586,3,1,3,313,Need Attention
6260,55,17,1957,3,2,1,321,Need Attention
1829,55,16,1232,3,2,1,321,Need Attention
10738,55,6,65,3,5,4,354,Loyal Customers
4749,55,20,586,3,1,3,313,Need Attention
3623,55,10,45,3,3,5,335,Big Spenders
2315,55,4,96,3,5,4,354,Loyal Customers
6336,55,10,48,3,3,5,335,Big Spenders
4012,55,17,1226,3,2,1,321,Need Attention
2781,55,11,1792,3,3,1,331,Need Attention
6905,55,17,1004,3,2,2,322,Need Attention
5180,56,10,149,3,3,4,334,Big Spenders
4381,56,16,235,3,2,3,323,Need Attention
10420,56,8,222,3,4,3,343,Other
1630,56,13,424,3,3,3,333,Need Attention
4119,56,6,318,3,5,3,353,Other
5177,56,14,396,3,3,3,333,Need Attention
10156,56,16,1237,3,2,1,321,Need Attention
9964,56,13,424,3,3,3,333,Need Attention
8717,56,20,1835,3,1,1,311,Need Attention
5012,56,5,34,3,5,5,355,Loyal Customers
6866,56,5,34,3,5,5,355,Loyal Customers
6918,56,5,34,3,5,5,355,Loyal Customers
7723,56,15,1440,3,2,1,321,Need Attention
1328,56,16,683,3,2,2,322,Need Attention
8685,56,19,436,3,1,3,313,Need Attention
4500,56,15,1598,3,2,1,321,Need Attention
3340,56,19,436,3,1,3,313,Need Attention
1139,56,11,1512,3,3,1,331,Need Attention
3428,56,15,1598,3,2,1,321,Need Attention
7369,56,7,62,3,4,4,344,Loyal Customers
4001,56,20,444,3,1,3,313,Need Attention
4961,56,10,61,3,3,4,334,Big Spenders
2963,56,15,1440,3,2,1,321,Need Attention
2075,56,11,1047,3,3,2,332,Need Attention
10319,56,18,1286,3,1,1,311,Need Attention
737,56,11,2231,3,3,1,331,Need Attention
7822,56,14,662,3,2,2,322,Need Attention
3445,56,19,957,3,1,2,312,Need Attention
11110,56,0,5,3,5,5,355,Loyal Customers
10634,56,13,406,3,3,3,333,Need Attention
10913,56,4,27,3,5,5,355,Loyal Customers
2683,56,22,910,3,1,2,312,Need Attention
332,56,13,275,3,3,3,333,Need Attention
4427,56,18,1365,3,2,1,321,Need Attention
5529,56,20,444,3,1,3,313,Need Attention
2066,56,6,114,3,5,4,354,Loyal Customers
3033,56,6,318,3,5,3,353,Other
8726,57,12,174,3,3,4,334,Big Spenders
4837,57,23,1305,3,1,1,311,Need Attention
7055,57,21,1021,3,1,2,312,Need Attention
9384,57,21,606,3,1,3,313,Need Attention
9365,57,21,1277,3,1,1,311,Need Attention
9381,57,21,606,3,1,3,313,Need Attention
3283,57,20,909,3,1,2,312,Need Attention
2295,57,19,825,3,1,2,312,Need Attention
9166,57,19,882,3,1,2,312,Need Attention
8932,57,19,1531,3,1,1,311,Need Attention
448,57,19,795,3,1,2,312,Need Attention
5147,57,18,1424,3,1,1,311,Need Attention
9799,57,17,1173,3,2,2,322,Need Attention
241,57,16,1574,3,2,1,321,Need Attention
7521,57,16,1574,3,2,1,321,Need Attention
3560,57,16,1574,3,2,1,321,Need Attention
1915,57,15,1507,3,2,1,321,Need Attention
4149,57,12,1348,3,3,1,331,Need Attention
3537,57,10,79,3,4,4,344,Loyal Customers
8724,57,7,46,3,4,5,345,Loyal Customers
13,57,6,32,3,5,5,355,Loyal Customers
5123,57,6,143,3,5,4,354,Loyal Customers
800,57,6,32,3,5,5,355,Loyal Customers
7734,58,12,1216,3,3,1,331,Need Attention
6203,58,19,1734,3,1,1,311,Need Attention
1050,58,7,65,3,4,4,344,Loyal Customers
7192,58,14,545,3,2,3,323,Need Attention
9081,58,4,25,3,5,5,355,Loyal Customers
5524,58,15,1617,3,2,1,321,Need Attention
701,58,16,1179,3,2,1,321,Need Attention
3526,58,6,38,3,5,5,355,Loyal Customers
5136,58,24,798,3,1,2,312,Need Attention
5610,58,6,36,3,5,5,355,Loyal Customers
10446,58,13,729,3,3,2,332,Need Attention
4988,58,8,62,3,4,4,344,Loyal Customers
9220,58,14,1968,3,2,1,321,Need Attention
5181,58,4,24,3,5,5,355,Loyal Customers
1411,58,7,940,3,4,2,342,Other
2392,59,8,102,4,4,4,444,Loyal Customers
10236,59,7,64,4,4,4,444,Loyal Customers
5186,59,18,731,4,1,2,412,Almost Lost
1920,59,8,102,4,4,4,444,Loyal Customers
164,59,12,269,4,3,3,433,Potential Loyalists
387,59,6,61,4,5,4,454,Loyal Customers
3673,59,21,779,4,1,2,412,Almost Lost
3830,59,12,459,4,3,3,433,Potential Loyalists
1079,59,15,1086,4,2,2,422,Almost Lost
8969,59,20,1141,4,1,2,412,Almost Lost
7165,59,20,823,4,1,2,412,Almost Lost
4518,59,22,1169,4,1,2,412,Almost Lost
8514,59,5,20,4,5,5,455,Loyal Customers
1453,59,24,1060,4,1,2,412,Almost Lost
5967,60,8,70,4,4,4,444,Loyal Customers
10264,60,5,31,4,5,5,455,Loyal Customers
6292,60,15,1822,4,2,1,421,Almost Lost
9576,60,11,159,4,3,4,434,Big Spenders
234,60,5,31,4,5,5,455,Loyal Customers
5721,60,14,1566,4,2,1,421,Almost Lost
11171,60,18,411,4,1,3,413,Almost Lost
5935,60,18,764,4,2,2,422,Almost Lost
1600,60,18,411,4,2,3,423,Almost Lost
2109,60,17,1544,4,2,1,421,Almost Lost
5300,60,5,70,4,5,4,454,Loyal Customers
10424,60,14,1295,4,2,1,421,Almost Lost
8418,60,7,61,4,4,4,444,Loyal Customers
891,60,4,11,4,5,5,455,Loyal Customers
610,60,21,480,4,1,3,413,Almost Lost
10701,60,20,1211,4,1,1,411,Almost Lost
6912,60,19,772,4,1,2,412,Almost Lost
7851,60,15,926,4,2,2,422,Almost Lost
3202,60,15,1250,4,2,1,421,Almost Lost
8537,60,11,1429,4,3,1,431,Potential Loyalists
3434,60,15,1336,4,2,1,421,Almost Lost
1103,60,16,2053,4,2,1,421,Almost Lost
368,61,12,290,4,3,3,433,Potential Loyalists
5536,61,10,1957,4,3,1,431,Potential Loyalists
8477,61,5,28,4,5,5,455,Loyal Customers
4120,61,12,369,4,3,3,433,Potential Loyalists
9579,61,7,106,4,4,4,444,Loyal Customers
2061,61,7,99,4,4,4,444,Loyal Customers
3828,61,22,1327,4,1,1,411,Almost Lost
4480,61,17,401,4,2,3,423,Almost Lost
4093,61,16,436,4,2,3,423,Almost Lost
5841,61,23,832,4,1,2,412,Almost Lost
7118,61,17,1528,4,2,1,421,Almost Lost
3599,61,19,1464,4,1,1,411,Almost Lost
3174,61,10,1957,4,3,1,431,Potential Loyalists
3389,61,25,1533,4,1,1,411,Almost Lost
8624,61,15,928,4,2,2,422,Almost Lost
10660,61,15,438,4,2,3,423,Almost Lost
2836,61,4,19,4,5,5,455,Loyal Customers
640,61,19,1026,4,1,2,412,Almost Lost
2802,61,12,961,4,3,2,432,Potential Loyalists
9353,61,11,995,4,3,2,432,Potential Loyalists
10710,61,4,18,4,5,5,455,Loyal Customers
6086,62,19,1380,4,1,1,411,Almost Lost
6024,62,10,2302,4,4,1,441,Potential Loyalists
5386,62,10,2302,4,3,1,431,Potential Loyalists
1168,62,15,1401,4,2,1,421,Almost Lost
2678,62,11,209,4,3,3,433,Potential Loyalists
1127,62,14,1958,4,2,1,421,Almost Lost
6001,62,17,937,4,2,2,422,Almost Lost
10749,62,15,178,4,2,4,424,Big Spenders
4697,62,15,390,4,2,3,423,Almost Lost
2926,62,17,1374,4,2,1,421,Almost Lost
1763,62,18,2524,4,1,1,411,Almost Lost
236,62,9,170,4,4,4,444,Loyal Customers
3565,62,9,72,4,4,4,444,Loyal Customers
182,62,15,397,4,2,3,423,Almost Lost
5790,62,7,72,4,4,4,444,Loyal Customers
4937,62,5,44,4,5,5,455,Loyal Customers
6250,62,22,775,4,1,2,412,Almost Lost
833,62,9,72,4,4,4,444,Loyal Customers
1165,62,22,496,4,1,3,413,Almost Lost
7313,63,18,1565,4,1,1,411,Almost Lost
4298,63,4,10,4,5,5,455,Loyal Customers
2920,63,12,990,4,3,2,432,Potential Loyalists
8442,63,6,30,4,4,5,445,Loyal Customers
5763,63,16,380,4,2,3,423,Almost Lost
8375,63,17,518,4,2,3,423,Almost Lost
8727,63,23,1150,4,1,2,412,Almost Lost
1993,63,14,972,4,2,2,422,Almost Lost
3056,63,23,1150,4,1,2,412,Almost Lost
5823,63,7,39,4,4,5,445,Loyal Customers
3712,63,10,259,4,4,3,443,Potential Loyalists
10542,63,9,77,4,4,4,444,Loyal Customers
5723,63,7,116,4,4,4,444,Loyal Customers
10897,63,26,1174,4,1,2,412,Almost Lost
716,63,20,976,4,1,2,412,Almost Lost
6544,63,20,976,4,1,2,412,Almost Lost
6661,63,26,1174,4,1,1,411,Almost Lost
2406,63,17,519,4,2,3,423,Almost Lost
2928,63,12,990,4,3,2,432,Potential Loyalists
10722,63,11,546,4,3,3,433,Potential Loyalists
2656,63,4,59,4,5,4,454,Loyal Customers
4136,63,9,119,4,4,4,444,Loyal Customers
5462,63,26,1174,4,1,2,412,Almost Lost
773,64,17,595,4,2,3,423,Almost Lost
7152,64,5,37,4,5,5,455,Loyal Customers
5731,64,5,37,4,5,5,455,Loyal Customers
5393,64,5,42,4,5,5,455,Loyal Customers
10479,64,9,1511,4,4,1,441,Potential Loyalists
6283,64,19,908,4,1,2,412,Almost Lost
4391,64,19,908,4,1,2,412,Almost Lost
3421,64,19,908,4,1,2,412,Almost Lost
9606,64,11,1536,4,3,1,431,Potential Loyalists
8210,64,17,405,4,2,3,423,Almost Lost
5125,64,16,1348,4,2,1,421,Almost Lost
6609,64,7,107,4,4,4,444,Loyal Customers
5150,64,7,47,4,4,5,445,Loyal Customers
5272,64,15,562,4,2,3,423,Almost Lost
3570,64,12,244,4,3,3,433,Potential Loyalists
5756,64,7,55,4,4,5,445,Loyal Customers
3919,64,14,1931,4,2,1,421,Almost Lost
1072,64,7,93,4,4,4,444,Loyal Customers
3439,64,14,296,4,2,3,423,Almost Lost
2730,64,14,1231,4,2,1,421,Almost Lost
5966,64,14,215,4,2,3,423,Almost Lost
2995,64,13,1084,4,3,2,432,Potential Loyalists
6097,64,23,561,4,1,3,413,Almost Lost
2589,65,7,59,4,4,4,444,Loyal Customers
3643,65,11,928,4,3,2,432,Potential Loyalists
8686,65,7,75,4,4,4,444,Loyal Customers
4050,65,7,127,4,4,4,444,Loyal Customers
1606,65,4,22,4,5,5,455,Loyal Customers
4640,65,19,1079,4,1,2,412,Almost Lost
9805,65,20,660,4,1,2,412,Almost Lost
9014,65,10,61,4,3,4,434,Big Spenders
8315,65,4,23,4,5,5,455,Loyal Customers
5184,65,4,23,4,5,5,455,Loyal Customers
849,65,20,660,4,1,2,412,Almost Lost
3081,65,4,20,4,5,5,455,Loyal Customers
3536,65,6,55,4,5,5,455,Loyal Customers
8553,65,6,42,4,5,5,455,Loyal Customers
4706,65,5,40,4,5,5,455,Loyal Customers
9305,65,18,1315,4,1,1,411,Almost Lost
4437,65,10,260,4,4,3,443,Potential Loyalists
2004,65,10,1168,4,4,2,442,Potential Loyalists
9058,65,11,1867,4,3,1,431,Potential Loyalists
4887,65,6,63,4,5,4,454,Loyal Customers
3254,65,10,960,4,3,2,432,Potential Loyalists
125,65,16,271,4,2,3,423,Almost Lost
6142,65,11,900,4,3,2,432,Potential Loyalists
10872,65,18,1182,4,1,1,411,Almost Lost
9503,65,12,313,4,3,3,433,Potential Loyalists
10104,65,4,8,4,5,5,455,Loyal Customers
6862,65,15,8,4,2,5,425,Big Spenders
2525,65,16,534,4,2,3,423,Almost Lost
9707,65,18,1182,4,1,1,411,Almost Lost
10704,65,17,693,4,2,2,422,Almost Lost
4599,66,20,458,4,1,3,413,Almost Lost
9500,66,20,758,4,1,2,412,Almost Lost
3074,66,10,1828,4,4,1,441,Potential Loyalists
7409,66,12,267,4,3,3,433,Potential Loyalists
425,66,20,727,4,1,2,412,Almost Lost
5680,66,5,30,4,5,5,455,Loyal Customers
0,66,13,1198,4,3,1,431,Potential Loyalists
1964,66,12,1603,4,3,1,431,Potential Loyalists
5140,66,18,1445,4,1,1,411,Almost Lost
3726,66,4,17,4,5,5,455,Loyal Customers
4548,66,5,54,4,5,5,455,Loyal Customers
4860,66,5,25,4,5,5,455,Loyal Customers
2669,66,12,1127,4,3,2,432,Potential Loyalists
10037,66,12,1127,4,3,2,432,Potential Loyalists
2611,66,15,1910,4,2,1,421,Almost Lost
879,66,20,458,4,1,3,413,Almost Lost
675,67,14,332,4,2,3,423,Almost Lost
4483,67,9,1228,4,4,1,441,Potential Loyalists
4597,67,17,2018,4,2,1,421,Almost Lost
3412,67,15,957,4,2,2,422,Almost Lost
7462,67,17,570,4,2,3,423,Almost Lost
5837,67,19,494,4,1,3,413,Almost Lost
10702,67,16,450,4,2,3,423,Almost Lost
1744,67,4,54,4,5,5,455,Loyal Customers
736,67,7,52,4,4,5,445,Loyal Customers
1502,67,7,52,4,4,5,445,Loyal Customers
5113,67,11,1702,4,3,1,431,Potential Loyalists
3696,67,7,52,4,4,5,445,Loyal Customers
10413,67,17,1089,4,2,2,422,Almost Lost
3422,67,7,1376,4,4,1,441,Potential Loyalists
304,67,9,76,4,4,4,444,Loyal Customers
916,67,6,31,4,4,5,445,Loyal Customers
4487,67,7,95,4,4,4,444,Loyal Customers
8870,68,17,497,4,2,3,423,Almost Lost
11091,68,6,22,4,5,5,455,Loyal Customers
3535,68,10,967,4,4,2,442,Potential Loyalists
7290,68,16,968,4,2,2,422,Almost Lost
2115,68,7,66,4,4,4,444,Loyal Customers
2118,68,18,622,4,1,3,413,Almost Lost
9491,68,9,66,4,4,4,444,Loyal Customers
405,68,12,441,4,3,3,433,Potential Loyalists
378,68,19,794,4,1,2,412,Almost Lost
5899,68,2,49,4,5,5,455,Loyal Customers
8895,68,16,968,4,2,2,422,Almost Lost
4138,68,13,899,4,3,2,432,Potential Loyalists
8749,68,4,61,4,5,4,454,Loyal Customers
2544,68,6,92,4,5,4,454,Loyal Customers
8387,68,10,235,4,4,3,443,Potential Loyalists
10340,68,17,497,4,2,3,423,Almost Lost
10955,68,8,1600,4,4,1,441,Potential Loyalists
10513,68,9,1502,4,4,1,441,Potential Loyalists
5138,68,5,43,4,5,5,455,Loyal Customers
7712,68,17,634,4,2,3,423,Almost Lost
4864,68,11,175,4,3,4,434,Big Spenders
3409,68,14,339,4,2,3,423,Almost Lost
9370,68,13,1120,4,3,2,432,Potential Loyalists
5286,68,8,217,4,4,3,443,Potential Loyalists
5846,68,4,13,4,5,5,455,Loyal Customers
11178,69,5,32,4,5,5,455,Loyal Customers
7215,69,19,1135,4,1,2,412,Almost Lost
9905,69,11,255,4,3,3,433,Potential Loyalists
2410,69,12,1097,4,3,2,432,Potential Loyalists
7072,69,14,1335,4,2,1,421,Almost Lost
642,69,7,103,4,4,4,444,Loyal Customers
7912,69,7,103,4,4,4,444,Loyal Customers
10313,69,15,254,4,2,3,423,Almost Lost
2565,69,15,1334,4,2,1,421,Almost Lost
3635,69,17,578,4,2,3,423,Almost Lost
1409,69,19,444,4,1,3,413,Almost Lost
5314,69,19,444,4,1,3,413,Almost Lost
895,69,18,594,4,1,3,413,Almost Lost
8858,69,19,542,4,1,3,413,Almost Lost
3281,69,18,411,4,1,3,413,Almost Lost
7646,70,21,805,4,1,2,412,Almost Lost
4356,70,11,1574,4,3,1,431,Potential Loyalists
3717,70,13,704,4,3,2,432,Potential Loyalists
10057,70,15,1331,4,2,1,421,Almost Lost
8504,70,13,1366,4,3,1,431,Potential Loyalists
1020,70,13,1366,4,3,1,431,Potential Loyalists
2431,70,6,67,4,5,4,454,Loyal Customers
8625,70,9,45,4,4,5,445,Loyal Customers
5407,70,22,1085,4,1,2,412,Almost Lost
5796,70,18,1125,4,1,2,412,Almost Lost
7899,70,10,1680,4,3,1,431,Potential Loyalists
6927,70,18,264,4,1,3,413,Almost Lost
4442,70,8,177,4,4,4,444,Loyal Customers
3972,70,18,401,4,1,3,413,Almost Lost
5491,70,15,319,4,2,3,423,Almost Lost
10741,70,15,319,4,2,3,423,Almost Lost
9703,70,9,184,4,4,4,444,Loyal Customers
2886,70,24,1217,4,1,1,411,Almost Lost
4796,71,5,39,4,5,5,455,Loyal Customers
1665,71,13,1750,4,3,1,431,Potential Loyalists
6245,71,13,507,4,3,3,433,Potential Loyalists
2447,71,7,69,4,4,4,444,Loyal Customers
7620,71,6,106,4,5,4,454,Loyal Customers
6349,71,15,1319,4,2,1,421,Almost Lost
4725,71,6,67,4,5,4,454,Loyal Customers
1172,71,20,2034,4,1,1,411,Almost Lost
8175,71,7,137,4,4,4,444,Loyal Customers
10680,71,7,70,4,4,4,444,Loyal Customers
8629,71,5,41,4,5,5,455,Loyal Customers
9817,71,23,1049,4,1,2,412,Almost Lost
3225,71,13,265,4,3,3,433,Potential Loyalists
10640,71,13,211,4,3,3,433,Potential Loyalists
1553,71,18,2283,4,1,1,411,Almost Lost
10245,71,12,756,4,3,2,432,Potential Loyalists
7005,71,18,813,4,1,2,412,Almost Lost
3386,71,7,137,4,4,4,444,Loyal Customers
7761,71,9,109,4,4,4,444,Loyal Customers
8213,71,9,96,4,4,4,444,Loyal Customers
4297,71,7,40,4,4,5,445,Loyal Customers
798,71,5,27,4,5,5,455,Loyal Customers
7327,71,8,47,4,4,5,445,Loyal Customers
246,71,18,312,4,1,3,413,Almost Lost
269,71,17,1143,4,2,2,422,Almost Lost
3286,71,7,42,4,4,5,445,Loyal Customers
2276,71,20,868,4,1,2,412,Almost Lost
8780,71,13,507,4,3,3,433,Potential Loyalists
5062,71,5,39,4,5,5,455,Loyal Customers
7247,72,18,606,4,1,3,413,Almost Lost
8562,72,10,236,4,4,3,443,Potential Loyalists
1513,72,27,1250,4,1,1,411,Almost Lost
5010,72,6,34,4,5,5,455,Loyal Customers
8093,72,11,914,4,3,2,432,Potential Loyalists
9167,72,24,976,4,1,2,412,Almost Lost
10686,72,4,21,4,5,5,455,Loyal Customers
5283,72,9,144,4,4,4,444,Loyal Customers
2918,72,9,91,4,4,4,444,Loyal Customers
6945,72,21,1375,4,1,1,411,Almost Lost
7129,72,27,929,4,1,2,412,Almost Lost
6303,72,17,1497,4,2,1,421,Almost Lost
4368,72,8,134,4,4,4,444,Loyal Customers
10364,72,4,20,4,5,5,455,Loyal Customers
4743,72,24,971,4,1,2,412,Almost Lost
6653,72,16,418,4,2,3,423,Almost Lost
7124,72,11,94,4,3,4,434,Big Spenders
3732,72,20,860,4,1,2,412,Almost Lost
10742,72,9,746,4,4,2,442,Potential Loyalists
460,72,12,1753,4,3,1,431,Potential Loyalists
713,72,11,442,4,3,3,433,Potential Loyalists
5545,72,9,988,4,4,2,442,Potential Loyalists
10965,72,17,1722,4,2,1,421,Almost Lost
1371,72,12,984,4,3,2,432,Potential Loyalists
7495,72,9,156,4,4,4,444,Loyal Customers
11051,72,20,661,4,1,2,412,Almost Lost
1030,72,6,38,4,5,5,455,Loyal Customers
6870,73,11,283,4,3,3,433,Potential Loyalists
1173,73,11,2252,4,3,1,431,Potential Loyalists
4637,73,16,1650,4,2,1,421,Almost Lost
10770,73,19,1045,4,1,2,412,Almost Lost
9400,73,13,1383,4,3,1,431,Potential Loyalists
10299,73,22,882,4,1,2,412,Almost Lost
1928,73,7,83,4,4,4,444,Loyal Customers
143,73,10,957,4,3,2,432,Potential Loyalists
4252,73,11,301,4,3,3,433,Potential Loyalists
4278,73,17,1923,4,2,1,421,Almost Lost
6906,73,8,1024,4,4,2,442,Potential Loyalists
7106,73,14,1242,4,2,1,421,Almost Lost
4122,73,11,895,4,3,2,432,Potential Loyalists
4943,73,12,1727,4,3,1,431,Potential Loyalists
9240,73,16,526,4,2,3,423,Almost Lost
8690,73,16,1385,4,2,1,421,Almost Lost
9246,73,16,415,4,2,3,423,Almost Lost
176,73,11,331,4,3,3,433,Potential Loyalists
9029,73,15,1536,4,2,1,421,Almost Lost
6445,73,11,858,4,3,2,432,Potential Loyalists
9543,74,4,22,4,5,5,455,Loyal Customers
2853,74,10,275,4,3,3,433,Potential Loyalists
9292,74,12,1382,4,3,1,431,Potential Loyalists
367,74,19,577,4,1,3,413,Almost Lost
6461,74,17,946,4,2,2,422,Almost Lost
9460,74,6,162,4,5,4,454,Loyal Customers
6218,74,16,499,4,2,3,423,Almost Lost
257,74,16,1215,4,2,1,421,Almost Lost
7514,74,11,177,4,3,4,434,Big Spenders
902,74,11,312,4,3,3,433,Potential Loyalists
5057,74,16,611,4,2,3,423,Almost Lost
1672,74,14,461,4,3,3,433,Potential Loyalists
3594,74,30,747,4,1,2,412,Almost Lost
3855,74,6,162,4,5,4,454,Loyal Customers
1921,74,7,71,4,4,4,444,Loyal Customers
10260,74,14,311,4,2,3,423,Almost Lost
1461,74,7,38,4,4,5,445,Loyal Customers
9265,74,17,1390,4,2,1,421,Almost Lost
7093,74,4,22,4,5,5,455,Loyal Customers
7254,74,9,137,4,4,4,444,Loyal Customers
8775,74,9,137,4,4,4,444,Loyal Customers
2894,74,16,2013,4,2,1,421,Almost Lost
5956,74,15,284,4,2,3,423,Almost Lost
2262,74,14,311,4,2,3,423,Almost Lost
1990,74,12,1797,4,3,1,431,Potential Loyalists
7930,74,11,268,4,3,3,433,Potential Loyalists
6969,75,12,233,4,3,3,433,Potential Loyalists
274,75,7,34,4,4,5,445,Loyal Customers
3179,75,13,1572,4,3,1,431,Potential Loyalists
6856,75,9,65,4,4,4,444,Loyal Customers
10164,75,11,1691,4,3,1,431,Potential Loyalists
9974,75,6,70,4,5,4,454,Loyal Customers
8082,75,4,34,4,5,5,455,Loyal Customers
9937,75,15,576,4,2,3,423,Almost Lost
2375,75,4,22,4,5,5,455,Loyal Customers
7053,75,12,1453,4,3,1,431,Potential Loyalists
6768,75,6,36,4,5,5,455,Loyal Customers
6528,75,4,10,4,5,5,455,Loyal Customers
10735,75,5,26,4,5,5,455,Loyal Customers
5068,75,5,26,4,5,5,455,Loyal Customers
1362,75,13,449,4,3,3,433,Potential Loyalists
11010,75,9,44,4,4,5,445,Loyal Customers
4058,76,20,811,4,1,2,412,Almost Lost
10755,76,8,81,4,4,4,444,Loyal Customers
591,76,17,677,4,2,2,422,Almost Lost
3483,76,17,1526,4,2,1,421,Almost Lost
4066,76,6,46,4,5,5,455,Loyal Customers
5063,76,11,191,4,3,4,434,Big Spenders
4333,76,9,54,4,4,5,445,Loyal Customers
11121,76,11,70,4,3,4,434,Big Spenders
4927,76,9,68,4,4,4,444,Loyal Customers
7301,76,8,79,4,4,4,444,Loyal Customers
4303,76,1,137,4,5,4,454,Loyal Customers
3839,76,10,88,4,3,4,434,Big Spenders
2948,76,8,185,4,4,4,444,Loyal Customers
238,76,33,1082,4,1,2,412,Almost Lost
2258,76,5,42,4,5,5,455,Loyal Customers
6810,76,10,1187,4,3,1,431,Potential Loyalists
8414,76,8,86,4,4,4,444,Loyal Customers
8360,76,11,198,4,3,3,433,Potential Loyalists
7426,76,11,198,4,3,3,433,Potential Loyalists
641,77,5,119,4,5,4,454,Loyal Customers
4037,77,4,20,4,5,5,455,Loyal Customers
954,77,6,102,4,5,4,454,Loyal Customers
1177,77,10,129,4,3,4,434,Big Spenders
10203,77,5,42,4,5,5,455,Loyal Customers
6932,77,12,2119,4,3,1,431,Potential Loyalists
5287,77,9,79,4,4,4,444,Loyal Customers
6457,77,20,902,4,1,2,412,Almost Lost
2337,77,9,39,4,4,5,445,Loyal Customers
10826,77,4,60,4,5,4,454,Loyal Customers
10584,77,14,945,4,2,2,422,Almost Lost
295,77,15,1157,4,2,2,422,Almost Lost
6071,77,15,1157,4,2,2,422,Almost Lost
3559,77,8,57,4,4,4,444,Loyal Customers
1834,77,6,67,4,5,4,454,Loyal Customers
4086,77,4,60,4,5,4,454,Loyal Customers
10304,77,4,60,4,5,4,454,Loyal Customers
3968,77,24,1199,4,1,1,411,Almost Lost
7998,77,7,112,4,4,4,444,Loyal Customers
10159,77,26,1185,4,1,1,411,Almost Lost
8789,77,13,274,4,3,3,433,Potential Loyalists
10992,77,20,1148,4,1,2,412,Almost Lost
9426,77,9,900,4,4,2,442,Potential Loyalists
5577,77,4,23,4,5,5,455,Loyal Customers
10637,77,8,99,4,4,4,444,Loyal Customers
8427,78,18,1540,4,1,1,411,Almost Lost
5538,78,10,1862,4,4,1,441,Potential Loyalists
5883,78,17,664,4,2,2,422,Almost Lost
217,78,18,1540,4,1,1,411,Almost Lost
10648,78,12,1289,4,3,1,431,Potential Loyalists
6460,78,7,57,4,4,4,444,Loyal Customers
3856,78,21,1005,4,1,2,412,Almost Lost
3503,78,12,974,4,3,2,432,Potential Loyalists
11092,78,7,41,4,4,5,445,Loyal Customers
6749,78,15,1722,4,2,1,421,Almost Lost
8916,78,4,16,4,5,5,455,Loyal Customers
146,78,16,1323,4,2,1,421,Almost Lost
10536,78,8,46,4,4,5,445,Loyal Customers
6036,78,13,1924,4,3,1,431,Potential Loyalists
6383,78,8,46,4,4,5,445,Loyal Customers
10091,78,14,1067,4,2,2,422,Almost Lost
2607,78,22,630,4,1,3,413,Almost Lost
3910,78,10,1862,4,4,1,441,Potential Loyalists
697,78,12,2047,4,3,1,431,Potential Loyalists
538,78,6,125,4,5,4,454,Loyal Customers
4227,78,8,55,4,4,5,445,Loyal Customers
10157,78,11,274,4,3,3,433,Potential Loyalists
6634,78,6,54,4,5,5,455,Loyal Customers
6202,78,21,1005,4,1,2,412,Almost Lost
10022,78,4,16,4,5,5,455,Loyal Customers
5120,78,12,1289,4,3,1,431,Potential Loyalists
500,79,17,1941,4,2,1,421,Almost Lost
7972,79,13,1151,4,3,2,432,Potential Loyalists
2674,79,13,1143,4,3,2,432,Potential Loyalists
5237,79,8,63,4,4,4,444,Loyal Customers
771,79,8,194,4,4,4,444,Loyal Customers
9559,79,22,1034,4,1,2,412,Almost Lost
375,79,14,1156,4,2,2,422,Almost Lost
2861,79,4,23,4,5,5,455,Loyal Customers
10314,79,15,1318,4,2,1,421,Almost Lost
2461,79,6,43,4,5,5,455,Loyal Customers
4240,79,6,58,4,5,4,454,Loyal Customers
10067,79,4,13,4,5,5,455,Loyal Customers
5474,79,11,223,5,3,3,533,New Customers
922,79,5,48,5,5,5,555,Champions
1584,79,19,482,5,1,3,513,Almost Lost
2895,79,10,195,5,3,4,534,New Customers
10936,79,10,1947,5,3,1,531,New Customers
9481,80,10,68,5,4,4,544,New Customers
3945,80,17,930,5,2,2,522,Almost Lost
702,80,16,521,5,2,3,523,Almost Lost
5959,80,14,199,5,2,3,523,Almost Lost
2488,80,9,64,5,4,4,544,New Customers
5454,80,6,50,5,5,5,555,Champions
8852,80,24,1080,5,1,2,512,Almost Lost
5223,80,7,66,5,4,4,544,New Customers
1509,80,13,523,5,3,3,533,New Customers
9907,80,18,1013,5,1,2,512,Almost Lost
2563,80,6,43,5,5,5,555,Champions
6999,80,20,834,5,1,2,512,Almost Lost
8312,80,6,43,5,5,5,555,Champions
9710,80,20,792,5,1,2,512,Almost Lost
4271,80,16,341,5,2,3,523,Almost Lost
2549,80,5,27,5,5,5,555,Champions
4095,80,18,467,5,1,3,513,Almost Lost
7683,80,20,787,5,1,2,512,Almost Lost
3798,80,8,81,5,4,4,544,New Customers
5252,80,6,67,5,5,4,554,New Customers
9120,80,17,1065,5,2,2,522,Almost Lost
9010,80,16,2346,5,2,1,521,Almost Lost
4259,80,4,10,5,5,5,555,Champions
2952,80,8,76,5,4,4,544,New Customers
6437,80,6,76,5,5,4,554,New Customers
7574,80,6,41,5,5,5,555,Champions
7441,80,17,1615,5,2,1,521,Almost Lost
6059,81,22,1314,5,1,1,511,Almost Lost
8372,81,4,30,5,5,5,555,Champions
11166,81,12,315,5,3,3,533,New Customers
17,81,17,1028,5,2,2,522,Almost Lost
7732,81,18,745,5,1,2,512,Almost Lost
4328,81,7,55,5,4,5,545,New Customers
7698,81,9,191,5,4,4,544,New Customers
2002,81,11,1870,5,3,1,531,New Customers
5229,81,5,42,5,5,5,555,Champions
6274,81,15,1615,5,2,1,521,Almost Lost
5555,81,0,6,5,5,5,555,Champions
9224,81,15,1139,5,2,2,522,Almost Lost
193,81,4,16,5,5,5,555,Champions
955,81,15,240,5,2,3,523,Almost Lost
1655,81,5,48,5,5,5,555,Champions
9153,81,20,1048,5,1,2,512,Almost Lost
2740,81,10,90,5,3,4,534,New Customers
6257,81,15,507,5,2,3,523,Almost Lost
310,81,17,573,5,2,3,523,Almost Lost
3182,81,14,263,5,2,3,523,Almost Lost
564,81,24,906,5,1,2,512,Almost Lost
8732,81,21,1461,5,1,1,511,Almost Lost
4174,81,7,130,5,4,4,544,New Customers
73,81,4,18,5,5,5,555,Champions
520,81,4,30,5,5,5,555,Champions
6261,81,16,470,5,2,3,523,Almost Lost
4910,81,25,2074,5,1,1,511,Almost Lost
4432,82,7,51,5,4,5,545,New Customers
339,82,16,496,5,2,3,523,Almost Lost
7004,82,8,84,5,4,4,544,New Customers
2125,82,12,1102,5,3,2,532,New Customers
983,82,10,414,5,4,3,543,New Customers
8931,82,22,1761,5,1,1,511,Almost Lost
10398,82,4,31,5,5,5,555,Champions
6742,82,4,11,5,5,5,555,Champions
9938,82,11,1600,5,3,1,531,New Customers
10675,82,16,1161,5,2,2,522,Almost Lost
5975,82,6,57,5,5,4,554,New Customers
803,82,3,21,5,5,5,555,Champions
9672,82,7,65,5,4,4,544,New Customers
8397,82,5,34,5,5,5,555,Champions
4385,82,8,47,5,4,5,545,New Customers
10868,82,15,1272,5,2,1,521,Almost Lost
4475,82,17,2440,5,2,1,521,Almost Lost
1250,82,6,84,5,5,4,554,New Customers
5692,82,5,32,5,5,5,555,Champions
1998,82,6,84,5,5,4,554,New Customers
2453,83,20,819,5,1,2,512,Almost Lost
7787,83,20,819,5,1,2,512,Almost Lost
3807,83,21,766,5,1,2,512,Almost Lost
6376,83,16,545,5,2,3,523,Almost Lost
3523,83,15,1073,5,2,2,522,Almost Lost
3722,83,7,48,5,4,5,545,New Customers
7617,83,12,163,5,3,4,534,New Customers
55,83,20,597,5,1,3,513,Almost Lost
1878,83,6,37,5,5,5,555,Champions
5734,83,7,91,5,4,4,544,New Customers
8017,83,7,55,5,4,5,545,New Customers
5278,83,12,902,5,3,2,532,New Customers
4370,83,9,88,5,4,4,544,New Customers
11088,83,9,1816,5,4,1,541,New Customers
7326,83,5,63,5,5,4,554,New Customers
8405,83,11,305,5,3,3,533,New Customers
5185,83,10,892,5,3,2,532,New Customers
2416,83,12,1288,5,3,1,531,New Customers
7386,83,5,43,5,5,5,555,Champions
3006,83,5,43,5,5,5,555,Champions
2150,83,13,1482,5,3,1,531,New Customers
11013,84,9,938,5,4,2,542,New Customers
819,84,20,1103,5,1,2,512,Almost Lost
8146,84,4,54,5,5,5,555,Champions
10120,84,11,257,5,3,3,533,New Customers
3152,84,8,89,5,4,4,544,New Customers
1490,84,23,854,5,1,2,512,Almost Lost
2456,84,12,149,5,3,4,534,New Customers
10144,84,14,576,5,2,3,523,Almost Lost
1627,84,15,789,5,2,2,522,Almost Lost
1440,84,20,1149,5,1,2,512,Almost Lost
7375,84,14,576,5,2,3,523,Almost Lost
361,84,4,20,5,5,5,555,Champions
3138,84,13,1676,5,3,1,531,New Customers
9349,84,18,1131,5,1,2,512,Almost Lost
2230,84,9,43,5,4,5,545,New Customers
2516,84,5,78,5,5,4,554,New Customers
9988,84,22,860,5,1,2,512,Almost Lost
988,84,14,1193,5,2,1,521,Almost Lost
11188,84,8,89,5,4,4,544,New Customers
4832,84,6,101,5,5,4,554,New Customers
5939,84,10,122,5,4,4,544,New Customers
6710,84,7,103,5,4,4,544,New Customers
4541,84,11,257,5,3,3,533,New Customers
6605,85,16,682,5,2,2,522,Almost Lost
7321,85,9,1033,5,4,2,542,New Customers
11148,85,4,13,5,5,5,555,Champions
2712,85,17,715,5,2,2,522,Almost Lost
9209,85,18,1564,5,1,1,511,Almost Lost
6417,85,18,1564,5,1,1,511,Almost Lost
9743,85,21,1910,5,1,1,511,Almost Lost
1958,85,23,660,5,1,2,512,Almost Lost
5253,85,14,227,5,2,3,523,Almost Lost
6289,85,9,185,5,4,4,544,New Customers
1065,85,11,1918,5,3,1,531,New Customers
6049,85,19,1804,5,1,1,511,Almost Lost
4200,85,14,275,5,2,3,523,Almost Lost
11181,85,0,8,5,5,5,555,Champions
8663,85,4,15,5,5,5,555,Champions
4998,85,9,1033,5,4,2,542,New Customers
6963,85,13,1157,5,3,2,532,New Customers
5234,85,6,81,5,5,4,554,New Customers
2961,86,12,382,5,3,3,533,New Customers
2304,86,20,770,5,1,2,512,Almost Lost
9697,86,18,542,5,1,3,513,Almost Lost
4676,86,19,1695,5,1,1,511,Almost Lost
6940,86,10,223,5,3,3,533,New Customers
4915,86,21,732,5,1,2,512,Almost Lost
7325,86,5,40,5,5,5,555,Champions
8700,86,8,66,5,4,4,544,New Customers
8079,86,8,55,5,4,5,545,New Customers
10032,86,10,53,5,3,5,535,New Customers
4547,86,6,25,5,4,5,545,New Customers
6488,86,6,99,5,5,4,554,New Customers
3194,86,15,1230,5,2,1,521,Almost Lost
9,86,9,120,5,4,4,544,New Customers
3170,86,11,1042,5,3,2,532,New Customers
10466,86,7,60,5,4,4,544,New Customers
455,86,9,209,5,4,3,543,New Customers
2278,86,7,133,5,4,4,544,New Customers
2804,86,9,120,5,4,4,544,New Customers
6825,86,4,16,5,5,5,555,Champions
10703,86,9,120,5,4,4,544,New Customers
10505,86,11,1001,5,3,2,532,New Customers
7592,86,9,209,5,4,3,543,New Customers
7937,86,7,58,5,4,4,544,New Customers
2005,86,8,75,5,4,4,544,New Customers
231,86,7,32,5,4,5,545,New Customers
6131,87,14,431,5,2,3,523,Almost Lost
4279,87,6,54,5,5,5,555,Champions
6327,87,9,1146,5,4,2,542,New Customers
7274,87,15,2153,5,2,1,521,Almost Lost
5084,87,20,1064,5,1,2,512,Almost Lost
7094,87,20,1064,5,1,2,512,Almost Lost
1491,87,12,559,5,3,3,533,New Customers
4478,87,25,653,5,1,2,512,Almost Lost
1137,87,12,1379,5,3,1,531,New Customers
606,87,4,15,5,5,5,555,Champions
4042,87,11,180,5,3,4,534,New Customers
7023,87,14,263,5,2,3,523,Almost Lost
5346,87,9,79,5,4,4,544,New Customers
3010,87,13,2069,5,3,1,531,New Customers
4507,87,15,1250,5,2,1,521,Almost Lost
550,87,18,708,5,1,2,512,Almost Lost
2564,87,9,165,5,4,4,544,New Customers
7433,87,11,165,5,3,4,534,New Customers
6977,87,24,1921,5,1,1,511,Almost Lost
3332,87,11,165,5,3,4,534,New Customers
2350,87,18,1027,5,1,2,512,Almost Lost
1118,87,18,685,5,1,2,512,Almost Lost
7801,87,19,728,5,1,2,512,Almost Lost
10379,87,19,574,5,1,3,513,Almost Lost
2445,87,6,63,5,5,4,554,New Customers
3083,88,16,373,5,2,3,523,Almost Lost
8162,88,5,26,5,5,5,555,Champions
9386,88,12,320,5,3,3,533,New Customers
1745,88,14,1313,5,2,1,521,Almost Lost
2736,88,18,849,5,2,2,522,Almost Lost
503,88,7,53,5,4,5,545,New Customers
8132,88,22,661,5,1,2,512,Almost Lost
6991,88,17,637,5,2,2,522,Almost Lost
8148,88,31,859,5,1,2,512,Almost Lost
5176,88,5,53,5,5,5,555,Champions
3136,88,19,663,5,1,2,512,Almost Lost
7706,88,22,1048,5,1,2,512,Almost Lost
10323,88,11,304,5,3,3,533,New Customers
692,88,4,16,5,5,5,555,Champions
8015,88,14,1313,5,2,1,521,Almost Lost
4682,88,11,310,5,3,3,533,New Customers
1404,89,12,231,5,3,3,533,New Customers
2975,89,17,1956,5,2,1,521,Almost Lost
10812,89,6,90,5,5,4,554,New Customers
2986,89,4,20,5,5,5,555,Champions
5043,89,11,434,5,3,3,533,New Customers
9140,89,8,91,5,4,4,544,New Customers
7960,89,17,1382,5,2,1,521,Almost Lost
5316,89,7,84,5,4,4,544,New Customers
5455,89,9,122,5,4,4,544,New Customers
8212,89,9,174,5,4,4,544,New Customers
3426,89,21,1596,5,1,1,511,Almost Lost
9298,89,13,1798,5,3,1,531,New Customers
3104,89,18,2006,5,1,1,511,Almost Lost
2909,89,16,1264,5,2,1,521,Almost Lost
6974,89,12,1497,5,3,1,531,New Customers
4554,89,15,448,5,2,3,523,Almost Lost
7791,89,6,25,5,5,5,555,Champions
7892,89,7,75,5,4,4,544,New Customers
3233,89,21,1117,5,1,2,512,Almost Lost
10598,89,8,37,5,4,5,545,New Customers
4587,90,11,266,5,3,3,533,New Customers
8867,90,10,2126,5,3,1,531,New Customers
2747,90,10,2126,5,3,1,531,New Customers
5558,90,9,1685,5,4,1,541,New Customers
450,90,8,270,5,4,3,543,New Customers
1357,90,14,1562,5,2,1,521,Almost Lost
1291,90,14,351,5,2,3,523,Almost Lost
7419,90,7,35,5,4,5,545,New Customers
4964,90,7,1158,5,4,2,542,New Customers
7422,90,15,369,5,2,3,523,Almost Lost
10854,90,7,45,5,4,5,545,New Customers
5667,90,16,1701,5,2,1,521,Almost Lost
4148,90,18,348,5,1,3,513,Almost Lost
11031,90,5,40,5,5,5,555,Champions
4990,90,20,869,5,1,2,512,Almost Lost
9516,90,21,1229,5,1,1,511,Almost Lost
832,90,21,747,5,1,2,512,Almost Lost
11030,90,4,16,5,5,5,555,Champions
4351,90,4,55,5,5,5,555,Champions
221,90,10,242,5,3,3,533,New Customers
10307,91,17,525,5,2,3,523,Almost Lost
7128,91,4,15,5,5,5,555,Champions
2147,91,16,2279,5,2,1,521,Almost Lost
1833,91,8,133,5,4,4,544,New Customers
6619,91,6,44,5,4,5,545,New Customers
1142,91,14,428,5,2,3,523,Almost Lost
7270,91,16,1241,5,2,1,521,Almost Lost
7755,91,15,411,5,2,3,523,Almost Lost
6565,91,22,1782,5,1,1,511,Almost Lost
451,91,4,22,5,5,5,555,Champions
4817,91,4,18,5,5,5,555,Champions
10590,91,15,1483,5,2,1,521,Almost Lost
10394,91,10,1479,5,3,1,531,New Customers
8182,91,11,121,5,3,4,534,New Customers
10678,91,23,917,5,1,2,512,Almost Lost
4754,91,7,122,5,4,4,544,New Customers
2246,91,7,183,5,4,4,544,New Customers
20,91,7,183,5,4,4,544,New Customers
9135,92,5,64,5,5,4,554,New Customers
3298,92,25,1152,5,1,2,512,Almost Lost
7396,92,18,1597,5,1,1,511,Almost Lost
5562,92,19,735,5,1,2,512,Almost Lost
4687,92,13,1633,5,3,1,531,New Customers
123,92,10,993,5,3,2,532,New Customers
5954,92,11,192,5,3,4,534,New Customers
1951,92,25,839,5,1,2,512,Almost Lost
7938,92,15,449,5,2,3,523,Almost Lost
3745,92,8,103,5,4,4,544,New Customers
9197,92,7,47,5,4,5,545,New Customers
6237,92,24,416,5,1,3,513,Almost Lost
3916,92,22,890,5,1,2,512,Almost Lost
6515,92,6,50,5,5,5,555,Champions
1764,92,14,270,5,2,3,523,Almost Lost
2227,92,10,210,5,3,3,533,New Customers
9916,92,8,54,5,4,5,545,New Customers
6730,92,8,54,5,4,5,545,New Customers
9451,92,22,1658,5,1,1,511,Almost Lost
4508,92,8,833,5,4,2,542,New Customers
1916,92,18,437,5,2,3,523,Almost Lost
946,92,10,210,5,4,3,543,New Customers
1517,92,5,51,5,5,5,555,Champions
4094,92,14,289,5,3,3,533,New Customers
5631,92,14,692,5,2,2,522,Almost Lost
6941,92,5,95,5,5,4,554,New Customers
961,92,14,860,5,3,2,532,New Customers
7286,92,5,55,5,5,5,555,Champions
8588,92,14,289,5,2,3,523,Almost Lost
4843,92,8,833,5,4,2,542,New Customers
6988,93,18,1443,5,1,1,511,Almost Lost
2878,93,13,414,5,3,3,533,New Customers
9286,93,10,747,5,3,2,532,New Customers
175,93,18,1443,5,1,1,511,Almost Lost
5831,93,13,1815,5,3,1,531,New Customers
5221,93,19,879,5,1,2,512,Almost Lost
2875,93,17,906,5,2,2,522,Almost Lost
8970,93,17,530,5,2,3,523,Almost Lost
7476,93,19,1269,5,1,1,511,Almost Lost
1604,93,11,225,5,3,3,533,New Customers
1755,93,6,114,5,5,4,554,New Customers
6262,93,12,1573,5,3,1,531,New Customers
3628,93,6,80,5,5,4,554,New Customers
322,93,7,41,5,4,5,545,New Customers
10925,93,15,1003,5,2,2,522,Almost Lost
4440,93,15,546,5,2,3,523,Almost Lost
2008,93,14,1149,5,2,2,522,Almost Lost
1324,93,8,91,5,4,4,544,New Customers
8204,93,14,1319,5,2,1,521,Almost Lost
3641,93,7,36,5,4,5,545,New Customers
5389,93,14,347,5,2,3,523,Almost Lost
4786,94,26,1109,5,1,2,512,Almost Lost
5015,94,7,162,5,4,4,544,New Customers
3515,94,9,160,5,4,4,544,New Customers
5896,94,11,397,5,3,3,533,New Customers
8560,94,14,680,5,2,2,522,Almost Lost
1010,94,6,78,5,5,4,554,New Customers
11114,94,8,84,5,4,4,544,New Customers
9239,94,7,126,5,4,4,544,New Customers
11074,94,14,1423,5,2,1,521,Almost Lost
6534,94,6,67,5,5,4,554,New Customers
5324,94,16,422,5,2,3,523,Almost Lost
10258,94,6,35,5,5,5,555,Champions
4501,94,13,1478,5,3,1,531,New Customers
10402,94,6,39,5,5,5,555,Champions
6055,94,14,1305,5,2,1,521,Almost Lost
9553,94,4,15,5,5,5,555,Champions
2292,94,5,24,5,5,5,555,Champions
3469,94,9,103,5,4,4,544,New Customers
8953,94,6,35,5,5,5,555,Champions
3520,94,11,1092,5,3,2,532,New Customers
3829,94,5,29,5,5,5,555,Champions
5885,94,15,211,5,2,3,523,Almost Lost
3310,94,15,211,5,2,3,523,Almost Lost
2134,94,17,694,5,2,2,522,Almost Lost
4179,94,5,55,5,5,4,554,New Customers
8373,94,5,29,5,5,5,555,Champions
1890,95,4,25,5,5,5,555,Champions
10172,95,16,1538,5,2,1,521,Almost Lost
6729,95,16,1538,5,2,1,521,Almost Lost
5623,95,4,51,5,5,5,555,Champions
2254,95,15,1455,5,2,1,521,Almost Lost
5847,95,20,882,5,1,2,512,Almost Lost
2931,95,15,1192,5,2,1,521,Almost Lost
1545,95,18,443,5,2,3,523,Almost Lost
5863,95,18,655,5,1,2,512,Almost Lost
9523,95,4,15,5,5,5,555,Champions
5268,95,7,56,5,4,4,544,New Customers
3130,95,10,44,5,3,5,535,New Customers
2579,95,19,835,5,1,2,512,Almost Lost
999,95,18,730,5,1,2,512,Almost Lost
5589,95,22,793,5,1,2,512,Almost Lost
4789,95,10,1677,5,3,1,531,New Customers
2532,95,9,1651,5,4,1,541,New Customers
2661,95,10,44,5,3,5,535,New Customers
10500,96,9,98,5,4,4,544,New Customers
7987,96,18,460,5,1,3,513,Almost Lost
8952,96,18,859,5,1,2,512,Almost Lost
574,96,6,125,5,5,4,554,New Customers
3266,96,6,125,5,5,4,554,New Customers
7789,96,17,1672,5,2,1,521,Almost Lost
1966,96,17,1672,5,2,1,521,Almost Lost
8310,96,20,1459,5,1,1,511,Almost Lost
5830,96,16,2114,5,2,1,521,Almost Lost
9826,96,16,2114,5,2,1,521,Almost Lost
10262,96,10,53,5,3,5,535,New Customers
456,96,7,36,5,4,5,545,New Customers
5644,96,14,363,5,2,3,523,Almost Lost
5748,96,14,475,5,3,3,533,New Customers
10492,96,4,10,5,5,5,555,Champions
6663,96,8,157,5,4,4,544,New Customers
2939,96,9,1631,5,4,1,541,New Customers
24,96,12,47,5,3,5,535,New Customers
1135,96,12,47,5,3,5,535,New Customers
3921,96,9,205,5,4,3,543,New Customers
5948,96,11,237,5,3,3,533,New Customers
3270,96,10,128,5,3,4,534,New Customers
3336,96,10,948,5,3,2,532,New Customers
1663,97,5,49,5,5,5,555,Champions
4127,97,24,1529,5,1,1,511,Almost Lost
6382,97,5,54,5,5,5,555,Champions
8439,97,12,902,5,3,2,532,New Customers
7527,97,8,76,5,4,4,544,New Customers
7613,97,13,326,5,3,3,533,New Customers
3406,97,14,322,5,2,3,523,Almost Lost
9940,97,12,1009,5,3,2,532,New Customers
3032,97,11,193,5,3,4,534,New Customers
3231,97,5,30,5,5,5,555,Champions
6568,97,6,79,5,5,4,554,New Customers
7181,97,7,52,5,4,5,545,New Customers
48,97,9,184,5,4,4,544,New Customers
5046,97,19,1638,5,1,1,511,Almost Lost
5441,97,13,388,5,3,3,533,New Customers
8602,97,20,1049,5,1,2,512,Almost Lost
5153,97,24,1529,5,1,1,511,Almost Lost
9771,97,16,269,5,2,3,523,Almost Lost
9925,97,10,216,5,3,3,533,New Customers
9499,97,13,1616,5,3,1,531,New Customers
9757,98,18,1631,5,1,1,511,Almost Lost
5602,98,21,1282,5,1,1,511,Almost Lost
5871,98,15,467,5,2,3,523,Almost Lost
6722,98,20,767,5,1,2,512,Almost Lost
8475,98,15,1608,5,2,1,521,Almost Lost
4974,98,23,1392,5,1,1,511,Almost Lost
966,98,23,691,5,1,2,512,Almost Lost
3979,98,15,1779,5,2,1,521,Almost Lost
9706,98,7,94,5,4,4,544,New Customers
213,98,9,48,5,4,5,545,New Customers
9645,98,20,1338,5,1,1,511,Almost Lost
10001,98,9,100,5,4,4,544,New Customers
2088,98,18,1631,5,1,1,511,Almost Lost
313,98,17,2088,5,2,1,521,Almost Lost
5687,98,20,1633,5,1,1,511,Almost Lost
8070,98,9,264,5,4,3,543,New Customers
5675,98,17,493,5,2,3,523,Almost Lost
7230,98,17,493,5,2,3,523,Almost Lost
2202,98,6,69,5,5,4,554,New Customers
8541,98,8,41,5,4,5,545,New Customers
2320,98,22,635,5,1,3,513,Almost Lost
3846,98,14,270,5,2,3,523,Almost Lost
868,99,6,65,5,5,4,554,New Customers
1743,99,8,801,5,4,2,542,New Customers
2106,99,5,34,5,5,5,555,Champions
7829,99,5,65,5,5,4,554,New Customers
5263,99,5,55,5,5,5,555,Champions
2831,99,19,1179,5,1,1,511,Almost Lost
528,99,16,1383,5,2,1,521,Almost Lost
8595,99,6,67,5,5,4,554,New Customers
10142,99,18,689,5,1,2,512,Almost Lost
3363,99,5,34,5,5,5,555,Champions
22,99,13,309,5,3,3,533,New Customers
7947,99,5,37,5,5,5,555,Champions
4070,99,13,1078,5,3,2,532,New Customers
7232,99,6,67,5,5,4,554,New Customers
9977,99,17,734,5,2,2,522,Almost Lost
2415,99,13,953,5,3,2,532,New Customers
7212,99,6,65,5,5,4,554,New Customers
